video_name,video_dataset,previous_frame,current_frame,frequency,exposure,duty_cycle,pattern_id,ssim,ms_ssim,uqi
b1dac7f7-6b2e0382.mov,BDD100K,0,1,0,0,0,-1,0.41991468323674236,0.570672714230593,0.9026391849615881
b1dac7f7-6b2e0382.mov,BDD100K,100,101,0,0,0,-1,0.5862589797422725,0.7243506517626851,0.9281408680833265
b1dac7f7-6b2e0382.mov,BDD100K,200,201,0,0,0,-1,0.5643087933828715,0.6915899900150856,0.9293302085748091
b1dac7f7-6b2e0382.mov,BDD100K,300,301,0,0,0,-1,0.5142534318686574,0.5630034342941959,0.8979553015012934
b1dac7f7-6b2e0382.mov,BDD100K,400,401,0,0,0,-1,0.6884184878833874,0.8188753362195954,0.9552345785325054
b1dac7f7-6b2e0382.mov,BDD100K,500,501,0,0,0,-1,0.653560237344421,0.7701124871625347,0.9535006395056725
b1dac7f7-6b2e0382.mov,BDD100K,600,601,0,0,0,-1,0.678248058049129,0.7735969514996976,0.9519579709250975
b1dac7f7-6b2e0382.mov,BDD100K,700,701,0,0,0,-1,0.8632418033495668,0.9401465202773814,0.9874020238171709
b1dac7f7-6b2e0382.mov,BDD100K,800,801,0,0,0,-1,0.9738035660533783,0.9882357440443609,0.9960433379254018
b1dac7f7-6b2e0382.mov,BDD100K,900,901,0,0,0,-1,0.9014888335072673,0.9283996802567064,0.979694638641628
b1dac7f7-6b2e0382.mov,BDD100K,1000,1001,0,0,0,-1,0.8824046452586808,0.9437971751379399,0.9851579090417298
b1dac7f7-6b2e0382.mov,BDD100K,1100,1101,0,0,0,-1,0.7881687723278681,0.8973753748202346,0.9746608098437507
b1cac6a7-04e33135.mov,BDD100K,0,1,0,0,0,-1,0.9560081683092051,0.9874019218900153,0.9965707622275998
b1cac6a7-04e33135.mov,BDD100K,100,101,0,0,0,-1,0.9265734380832461,0.9746815024356839,0.9937555779756729
b1cac6a7-04e33135.mov,BDD100K,200,201,0,0,0,-1,0.9847316529954725,0.9948717269143532,0.9986923818277175
b1cac6a7-04e33135.mov,BDD100K,300,301,0,0,0,-1,0.9661600484088919,0.9906305417020889,0.9974931277883555
b1cac6a7-04e33135.mov,BDD100K,400,401,0,0,0,-1,0.7915544889592127,0.9111069465203401,0.9767965554590731
b1cac6a7-04e33135.mov,BDD100K,500,501,0,0,0,-1,0.9840849816487872,0.9929411060882729,0.9980254235021929
b1cac6a7-04e33135.mov,BDD100K,600,601,0,0,0,-1,0.9908246707519334,0.9964603496746974,0.9988855312184591
b20b1e63-4d8478a4.mov,BDD100K,0,1,0,0,0,-1,0.9606395029395104,0.9939750788584184,0.8309940143108699
b20b1e63-4d8478a4.mov,BDD100K,100,101,0,0,0,-1,0.9514395689395739,0.9939143488272925,0.8010232608518173
b20b1e63-4d8478a4.mov,BDD100K,200,201,0,0,0,-1,0.9535484613080913,0.9940518548399038,0.8052327969324836
b20b1e63-4d8478a4.mov,BDD100K,300,301,0,0,0,-1,0.9533890446560981,0.9935150235661382,0.8038668085654904
b20b1e63-4d8478a4.mov,BDD100K,400,401,0,0,0,-1,0.9187668453158532,0.9848823212667833,0.6962202024280622
b20b1e63-4d8478a4.mov,BDD100K,500,501,0,0,0,-1,0.9565654222151284,0.9931936165550714,0.8083596409666473
b20b1e63-4d8478a4.mov,BDD100K,600,601,0,0,0,-1,0.9596580415243025,0.9933907985510877,0.8113661498668323
b204a5c1-064b0040.mov,BDD100K,0,1,0,0,0,-1,0.6158783258981174,0.7124750157609561,0.9607045118127003
b204a5c1-064b0040.mov,BDD100K,100,101,0,0,0,-1,0.6648526352808397,0.8012858402526655,0.9758164653316355
b204a5c1-064b0040.mov,BDD100K,200,201,0,0,0,-1,0.6384244564826705,0.7921620409576673,0.9715521711872821
b204a5c1-064b0040.mov,BDD100K,300,301,0,0,0,-1,0.6594891089434335,0.7938587440090867,0.9605563395376523
b204a5c1-064b0040.mov,BDD100K,400,401,0,0,0,-1,0.600270259452791,0.7711853397666703,0.9578935579480192
b204a5c1-064b0040.mov,BDD100K,500,501,0,0,0,-1,0.6371675838223337,0.7906390945299144,0.9733380953637155
b204a5c1-064b0040.mov,BDD100K,600,601,0,0,0,-1,0.6706497301202082,0.8003274433716563,0.9658588760657788
b204a5c1-064b0040.mov,BDD100K,700,701,0,0,0,-1,0.752181628045749,0.9111171427647117,0.9922893510729555
b204a5c1-064b0040.mov,BDD100K,800,801,0,0,0,-1,0.9977783645664454,0.9994804650287368,0.9999411832392378
b204a5c1-064b0040.mov,BDD100K,900,901,0,0,0,-1,0.9837592822939042,0.9853404031324401,0.9973439237660896
b204a5c1-064b0040.mov,BDD100K,1000,1001,0,0,0,-1,0.980649983210331,0.9845673598596939,0.99810303962091
b204a5c1-064b0040.mov,BDD100K,1100,1101,0,0,0,-1,0.9936074216954038,0.9975532529541741,0.9995330871172056
b1d22ed6-f1cac061.mov,BDD100K,0,1,0,0,0,-1,0.31972762124333187,0.4399612202060741,0.4727257892345221
b1d22ed6-f1cac061.mov,BDD100K,100,101,0,0,0,-1,0.638682279290674,0.7736349845333512,0.9486585819574551
b1d22ed6-f1cac061.mov,BDD100K,200,201,0,0,0,-1,0.7838401352887435,0.8651746797977181,0.9878939190443413
b1d22ed6-f1cac061.mov,BDD100K,300,301,0,0,0,-1,0.6245600100825536,0.8553290656124356,0.6456710847511123
b1d22ed6-f1cac061.mov,BDD100K,400,401,0,0,0,-1,0.6507168555868401,0.781312218055192,0.9550247517526874
b1d22ed6-f1cac061.mov,BDD100K,500,501,0,0,0,-1,0.7812957436105252,0.8501914744806864,0.9843264510787445
b1d22ed6-f1cac061.mov,BDD100K,600,601,0,0,0,-1,0.6448018754412709,0.7723330587383835,0.9353348642083844
b1d22ed6-f1cac061.mov,BDD100K,700,701,0,0,0,-1,0.7286506911341134,0.7856598706762996,0.9623015722935818
b1d22ed6-f1cac061.mov,BDD100K,800,801,0,0,0,-1,0.7172712638897877,0.8137909388399648,0.9582699524179544
b1d22ed6-f1cac061.mov,BDD100K,900,901,0,0,0,-1,0.6020691192301914,0.7345836251541342,0.9473808902093306
b1d22ed6-f1cac061.mov,BDD100K,1000,1001,0,0,0,-1,0.6828193897357613,0.7676453503544872,0.9439339647253743
b1d22ed6-f1cac061.mov,BDD100K,1100,1101,0,0,0,-1,0.7542983107252107,0.8589663719298015,0.878072599107806
b1d22ed6-f1cac061.mov,BDD100K,1200,1201,0,0,0,-1,0.6965525956288717,0.8014220211469945,0.9581496815665016
VIRAT_S_010207_10_001549_001596.mp4,VIRAT,0,1,0,0,0,-1,0.9919634017329452,0.9972960545385652,0.9993985627606303
VIRAT_S_010207_10_001549_001596.mp4,VIRAT,100,101,0,0,0,-1,0.9973191424771013,0.9990783617363875,0.9996919397700049
VIRAT_S_010207_10_001549_001596.mp4,VIRAT,200,201,0,0,0,-1,0.9936341020733851,0.9986095979131253,0.9997993774005091
VIRAT_S_010207_10_001549_001596.mp4,VIRAT,300,301,0,0,0,-1,0.9984926110029493,0.9994559907257837,0.9999052883472571
VIRAT_S_010207_10_001549_001596.mp4,VIRAT,400,401,0,0,0,-1,0.9957753629631633,0.9988104887170567,0.9997788847741939
VIRAT_S_010207_10_001549_001596.mp4,VIRAT,500,501,0,0,0,-1,0.9993174525974001,0.9997353443965329,0.9999502338878546
VIRAT_S_010207_10_001549_001596.mp4,VIRAT,600,601,0,0,0,-1,0.9953312855979952,0.9988677545253989,0.999879481845106
VIRAT_S_010207_10_001549_001596.mp4,VIRAT,700,701,0,0,0,-1,0.9961385001628358,0.9989187381724679,0.9998172625225816
VIRAT_S_010207_10_001549_001596.mp4,VIRAT,800,801,0,0,0,-1,0.9982473598815617,0.9992410691318677,0.9999211278614314
VIRAT_S_010207_10_001549_001596.mp4,VIRAT,900,901,0,0,0,-1,0.9969651378363903,0.998458805087739,0.9996208409181447
VIRAT_S_010207_10_001549_001596.mp4,VIRAT,1000,1001,0,0,0,-1,0.9875583185585439,0.9960668497781857,0.9992364375091521
VIRAT_S_010204_03_000606_000632.mp4,VIRAT,0,1,0,0,0,-1,0.9733795511187403,0.9881378381319168,0.9969609318527078
VIRAT_S_010204_03_000606_000632.mp4,VIRAT,100,101,0,0,0,-1,0.9942122189603121,0.9973246154711719,0.9993581175453591
VIRAT_S_010204_03_000606_000632.mp4,VIRAT,200,201,0,0,0,-1,0.9819643366023664,0.9938035277926696,0.9983997205087675
VIRAT_S_010204_03_000606_000632.mp4,VIRAT,300,301,0,0,0,-1,0.9984836051918534,0.9995611502452783,0.9998354031126949
VIRAT_S_010204_11_001524_001607.mp4,VIRAT,0,1,0,0,0,-1,0.9768094280117253,0.9924643924713745,0.9983133334947668
VIRAT_S_010204_11_001524_001607.mp4,VIRAT,100,101,0,0,0,-1,0.9807308574260389,0.9908220096371262,0.9964361015790022
VIRAT_S_010204_11_001524_001607.mp4,VIRAT,200,201,0,0,0,-1,0.9972979270156886,0.999319676423619,0.9997444722984464
VIRAT_S_010204_11_001524_001607.mp4,VIRAT,300,301,0,0,0,-1,0.9937141198687137,0.998311112692595,0.9995114992884021
VIRAT_S_010204_11_001524_001607.mp4,VIRAT,400,401,0,0,0,-1,0.9931823522792119,0.9980740349445985,0.9992563119873838
VIRAT_S_010204_11_001524_001607.mp4,VIRAT,500,501,0,0,0,-1,0.982340038542001,0.993714013213099,0.9976600086771095
VIRAT_S_010204_11_001524_001607.mp4,VIRAT,600,601,0,0,0,-1,0.9876021014649545,0.9939264999633659,0.9980674245228206
VIRAT_S_010204_11_001524_001607.mp4,VIRAT,700,701,0,0,0,-1,0.9969479899904575,0.999173239743324,0.9996353513990947
VIRAT_S_010204_11_001524_001607.mp4,VIRAT,800,801,0,0,0,-1,0.9925003775249254,0.9980046719743665,0.9991327520901588
VIRAT_S_010204_11_001524_001607.mp4,VIRAT,900,901,0,0,0,-1,0.994372213762222,0.9985244337020908,0.9995765262594368
VIRAT_S_010204_11_001524_001607.mp4,VIRAT,1000,1001,0,0,0,-1,0.9868376739261029,0.9966904014359933,0.9991557337433891
VIRAT_S_010204_11_001524_001607.mp4,VIRAT,1100,1101,0,0,0,-1,0.9923525913835817,0.9981495240683899,0.9993286211357493
VIRAT_S_010204_11_001524_001607.mp4,VIRAT,1200,1201,0,0,0,-1,0.9967093097223021,0.9991668451849548,0.9997185797777705
VIRAT_S_010204_11_001524_001607.mp4,VIRAT,1300,1301,0,0,0,-1,0.995443936678332,0.9984859809607592,0.9995397032495458
VIRAT_S_010204_11_001524_001607.mp4,VIRAT,1400,1401,0,0,0,-1,0.9913635163277958,0.9976724651426147,0.9992405249671871
VIRAT_S_010204_11_001524_001607.mp4,VIRAT,1500,1501,0,0,0,-1,0.9792274380357284,0.9931941741564058,0.9981714852984586
VIRAT_S_010208_07_000768_000791.mp4,VIRAT,0,1,0,0,0,-1,0.9898161196515328,0.9971054400616529,0.9995162257033235
VIRAT_S_010208_07_000768_000791.mp4,VIRAT,100,101,0,0,0,-1,0.9932202200981256,0.9967860402744044,0.9989606532891219
VIRAT_S_010208_07_000768_000791.mp4,VIRAT,200,201,0,0,0,-1,0.9906274089328758,0.9945863681104543,0.9988117391041724
VIRAT_S_010208_07_000768_000791.mp4,VIRAT,300,301,0,0,0,-1,0.9903951609670752,0.9963859859706555,0.9989941086515394
VIRAT_S_010208_07_000768_000791.mp4,VIRAT,400,401,0,0,0,-1,0.9970309862450888,0.9987618160861402,0.999565661534611
VIRAT_S_010001_03_000537_000563.mp4,VIRAT,0,1,0,0,0,-1,0.9860707107764012,0.9966315655323615,0.9992717030198727
VIRAT_S_010001_03_000537_000563.mp4,VIRAT,100,101,0,0,0,-1,0.9956814860147208,0.9986805129977786,0.999628898234525
VIRAT_S_010001_03_000537_000563.mp4,VIRAT,200,201,0,0,0,-1,0.9973769592972913,0.9992984821519114,0.99974300194874
VIRAT_S_010001_03_000537_000563.mp4,VIRAT,300,301,0,0,0,-1,0.9977433559492369,0.9994101358982758,0.9997737146124176
VIRAT_S_010001_03_000537_000563.mp4,VIRAT,400,401,0,0,0,-1,0.9956293053480798,0.9986010926511695,0.9995723383677046
b21ac8b3-9b9cb45a.mov,BDD100K,0,1,750,32,40,1,0.7239184424154711,0.7758393098414126,0.6915567680170832
b21ac8b3-9b9cb45a.mov,BDD100K,0,1,750,32,40,10,0.7306491826296538,0.7743833519988603,0.699753518128636
b21ac8b3-9b9cb45a.mov,BDD100K,0,1,750,32,40,13,0.7278058998627026,0.7763465025160445,0.6960121333748536
b21ac8b3-9b9cb45a.mov,BDD100K,0,1,750,32,40,4,0.7238479226505694,0.7760342768342972,0.6917377738943545
b21ac8b3-9b9cb45a.mov,BDD100K,0,1,750,32,40,2,0.7328999720787434,0.7765787767760258,0.7023782856769177
b21ac8b3-9b9cb45a.mov,BDD100K,100,101,750,32,40,1,0.7567929642748242,0.8062510324966983,0.7109434458074118
b21ac8b3-9b9cb45a.mov,BDD100K,100,101,750,32,40,10,0.7620338792006404,0.8038558198028527,0.7166270436188539
b21ac8b3-9b9cb45a.mov,BDD100K,100,101,750,32,40,13,0.7600588530854443,0.8060384519959326,0.714100673219182
b21ac8b3-9b9cb45a.mov,BDD100K,100,101,750,32,40,4,0.7564404110932337,0.8062850053992312,0.7108744474880281
b21ac8b3-9b9cb45a.mov,BDD100K,100,101,750,32,40,2,0.7645707498966926,0.806085589531101,0.7198648671384381
b21ac8b3-9b9cb45a.mov,BDD100K,200,201,750,32,40,1,0.7084867617345304,0.7774348684995277,0.652818045885465
b21ac8b3-9b9cb45a.mov,BDD100K,200,201,750,32,40,10,0.7160264688995793,0.7775861516496562,0.6592435817130277
b21ac8b3-9b9cb45a.mov,BDD100K,200,201,750,32,40,13,0.7127490845220391,0.778865177483549,0.655920445763278
b21ac8b3-9b9cb45a.mov,BDD100K,200,201,750,32,40,4,0.7082195624378715,0.7775293423788678,0.6529556461926593
b21ac8b3-9b9cb45a.mov,BDD100K,200,201,750,32,40,2,0.7184246318879494,0.7798013675950438,0.6612779390844682
b21ac8b3-9b9cb45a.mov,BDD100K,300,301,750,32,40,1,0.7573046807756336,0.8111871949865991,0.6794278104959625
b21ac8b3-9b9cb45a.mov,BDD100K,300,301,750,32,40,10,0.7648452173428407,0.8098749594386436,0.6865350083627498
b21ac8b3-9b9cb45a.mov,BDD100K,300,301,750,32,40,13,0.7619918209732167,0.8120311252542597,0.683587867107795
b21ac8b3-9b9cb45a.mov,BDD100K,300,301,750,32,40,4,0.7565828113506067,0.811325675465332,0.6787307699320255
b21ac8b3-9b9cb45a.mov,BDD100K,300,301,750,32,40,2,0.7675467568991404,0.8124498501594425,0.6888079133213232
b21ac8b3-9b9cb45a.mov,BDD100K,400,401,750,32,40,1,0.8076314664747436,0.8125678638711299,0.8180658363429556
b21ac8b3-9b9cb45a.mov,BDD100K,400,401,750,32,40,10,0.813020249369175,0.8135631764561168,0.8237276352148086
b21ac8b3-9b9cb45a.mov,BDD100K,400,401,750,32,40,13,0.8112619458724458,0.8156394927216097,0.8216147399465541
b21ac8b3-9b9cb45a.mov,BDD100K,400,401,750,32,40,4,0.80742346443812,0.8126608925650644,0.8181182821938234
b21ac8b3-9b9cb45a.mov,BDD100K,400,401,750,32,40,2,0.8146770229258881,0.8162228858908608,0.8257571236560796
b21ac8b3-9b9cb45a.mov,BDD100K,500,501,750,32,40,1,0.7426713150173819,0.8076862641690368,0.6573172760691414
b21ac8b3-9b9cb45a.mov,BDD100K,500,501,750,32,40,10,0.7506898093838101,0.8072160737832331,0.664332450120294
b21ac8b3-9b9cb45a.mov,BDD100K,500,501,750,32,40,13,0.7475024192644385,0.8097823173628552,0.6613429638666907
b21ac8b3-9b9cb45a.mov,BDD100K,500,501,750,32,40,4,0.7421829491983262,0.8077460236736099,0.6572535714798297
b21ac8b3-9b9cb45a.mov,BDD100K,500,501,750,32,40,2,0.7534824582361995,0.80970374885243,0.6668113898971404
b21ac8b3-9b9cb45a.mov,BDD100K,600,601,750,32,40,1,0.7653286982765951,0.8122224700006704,0.701282781564375
b21ac8b3-9b9cb45a.mov,BDD100K,600,601,750,32,40,10,0.7729525626263567,0.8117378696491523,0.7093872887608114
b21ac8b3-9b9cb45a.mov,BDD100K,600,601,750,32,40,13,0.7702831386558143,0.8136028070179216,0.7062802274140226
b21ac8b3-9b9cb45a.mov,BDD100K,600,601,750,32,40,4,0.7649464305370696,0.8124176889255253,0.7012239961532764
b21ac8b3-9b9cb45a.mov,BDD100K,600,601,750,32,40,2,0.7748322199078616,0.8144527135338224,0.7113589004217521
b1cac6a7-04e33135.mov,BDD100K,0,1,750,32,40,1,0.8862505405813756,0.9344913158928793,0.954170580773335
b1cac6a7-04e33135.mov,BDD100K,0,1,750,32,40,10,0.8885442083187202,0.935215027984909,0.9557912314343134
b1cac6a7-04e33135.mov,BDD100K,0,1,750,32,40,13,0.8886252951436968,0.9358373738995464,0.9552833781429522
b1cac6a7-04e33135.mov,BDD100K,0,1,750,32,40,4,0.8864443655918076,0.9346804671287567,0.9542369295749001
b1cac6a7-04e33135.mov,BDD100K,0,1,750,32,40,2,0.8891110243339853,0.9366798010486528,0.9563786575248181
b1cac6a7-04e33135.mov,BDD100K,100,101,750,32,40,1,0.8596120209709114,0.9218543501677282,0.9536244348939461
b1cac6a7-04e33135.mov,BDD100K,100,101,750,32,40,10,0.8619363422472475,0.9223490928770421,0.955546766088406
b1cac6a7-04e33135.mov,BDD100K,100,101,750,32,40,13,0.8615895454356907,0.9231736414199693,0.9549812316043007
b1cac6a7-04e33135.mov,BDD100K,100,101,750,32,40,4,0.8597833072873331,0.9220263002622122,0.9536768402001147
b1cac6a7-04e33135.mov,BDD100K,100,101,750,32,40,2,0.8629034167593144,0.924335787182676,0.9562519702094021
b1cac6a7-04e33135.mov,BDD100K,200,201,750,32,40,1,0.9097179570110338,0.9411347638005799,0.9546514200408355
b1cac6a7-04e33135.mov,BDD100K,200,201,750,32,40,10,0.912513953823986,0.9391555766351422,0.9555255148634031
b1cac6a7-04e33135.mov,BDD100K,200,201,750,32,40,13,0.913560724670945,0.9414753182215158,0.9553376058563714
b1cac6a7-04e33135.mov,BDD100K,200,201,750,32,40,4,0.9096687279689162,0.941276135729868,0.9546554022687097
b1cac6a7-04e33135.mov,BDD100K,200,201,750,32,40,2,0.9132628785246558,0.9406016726397098,0.9564547143813904
b1cac6a7-04e33135.mov,BDD100K,300,301,750,32,40,1,0.8927100451946872,0.9381146771888128,0.9561341855211691
b1cac6a7-04e33135.mov,BDD100K,300,301,750,32,40,10,0.8967017057880083,0.9368391892942384,0.9570754131227864
b1cac6a7-04e33135.mov,BDD100K,300,301,750,32,40,13,0.8971515465587752,0.9387875391655892,0.9568542554515652
b1cac6a7-04e33135.mov,BDD100K,300,301,750,32,40,4,0.8927763079652283,0.9382270924702151,0.9561492646230079
b1cac6a7-04e33135.mov,BDD100K,300,301,750,32,40,2,0.8976329835624481,0.9383149837364789,0.957989333216169
b1cac6a7-04e33135.mov,BDD100K,400,401,750,32,40,1,0.7326450461190633,0.856774210659574,0.9250725085503674
b1cac6a7-04e33135.mov,BDD100K,400,401,750,32,40,10,0.7363970815998625,0.8616863257957037,0.929788519367026
b1cac6a7-04e33135.mov,BDD100K,400,401,750,32,40,13,0.7352978659644457,0.8598721125253104,0.9277062706296566
b1cac6a7-04e33135.mov,BDD100K,400,401,750,32,40,4,0.7327320095933465,0.8571165073267446,0.9251924306068707
b1cac6a7-04e33135.mov,BDD100K,400,401,750,32,40,2,0.7359900816923304,0.8610759401206984,0.9297486974785502
b1cac6a7-04e33135.mov,BDD100K,500,501,750,32,40,1,0.9018235122019971,0.9348493564813544,0.9388602649206578
b1cac6a7-04e33135.mov,BDD100K,500,501,750,32,40,10,0.9025297602217833,0.9338812422639224,0.9403294314087173
b1cac6a7-04e33135.mov,BDD100K,500,501,750,32,40,13,0.9030895595136869,0.9352781567473023,0.9399306761793195
b1cac6a7-04e33135.mov,BDD100K,500,501,750,32,40,4,0.901748964641874,0.935027340136166,0.9389658302615578
b1cac6a7-04e33135.mov,BDD100K,500,501,750,32,40,2,0.9032576373628443,0.9346386244964014,0.940934412958538
b1cac6a7-04e33135.mov,BDD100K,600,601,750,32,40,1,0.9089161884989645,0.9374073147079255,0.9394554396328232
b1cac6a7-04e33135.mov,BDD100K,600,601,750,32,40,10,0.9095024335751121,0.9362668281262195,0.941146931004179
b1cac6a7-04e33135.mov,BDD100K,600,601,750,32,40,13,0.9101788444414668,0.9379059007154591,0.940736548503131
b1cac6a7-04e33135.mov,BDD100K,600,601,750,32,40,4,0.9087903112980218,0.9376688220117008,0.9395658817737158
b1cac6a7-04e33135.mov,BDD100K,600,601,750,32,40,2,0.9102953724477628,0.9370653704657926,0.9417430012147593
b21742c2-0e7a2b57.mov,BDD100K,0,1,750,32,40,1,0.617036507420829,0.689063836220094,0.9217375681001759
b21742c2-0e7a2b57.mov,BDD100K,0,1,750,32,40,10,0.6179042622369234,0.6867219645261677,0.9226012298846887
b21742c2-0e7a2b57.mov,BDD100K,0,1,750,32,40,13,0.6182593491117264,0.6896243011609046,0.9223960079778301
b21742c2-0e7a2b57.mov,BDD100K,0,1,750,32,40,4,0.617040642161807,0.6893677423830392,0.922165283374517
b21742c2-0e7a2b57.mov,BDD100K,0,1,750,32,40,2,0.6187908038332778,0.6877674470042231,0.9239564533935015
b21742c2-0e7a2b57.mov,BDD100K,100,101,750,32,40,1,0.6273933600388355,0.7593970750924003,0.9392107068331828
b21742c2-0e7a2b57.mov,BDD100K,100,101,750,32,40,10,0.6278067054358546,0.7600425514874823,0.9400541621321493
b21742c2-0e7a2b57.mov,BDD100K,100,101,750,32,40,13,0.6278126531305405,0.7608549769744475,0.9396313775323187
b21742c2-0e7a2b57.mov,BDD100K,100,101,750,32,40,4,0.6274225726916477,0.7596594585386556,0.9394568836835807
b21742c2-0e7a2b57.mov,BDD100K,100,101,750,32,40,2,0.6289297931179351,0.7607379447233823,0.9414897323216259
b21742c2-0e7a2b57.mov,BDD100K,200,201,750,32,40,1,0.6843024826688788,0.7652565340137213,0.9228399244694101
b21742c2-0e7a2b57.mov,BDD100K,200,201,750,32,40,10,0.6836098742240665,0.762035867692566,0.9220608334124245
b21742c2-0e7a2b57.mov,BDD100K,200,201,750,32,40,13,0.6850441825481282,0.7651404048455691,0.922005023636714
b21742c2-0e7a2b57.mov,BDD100K,200,201,750,32,40,4,0.6843834816555128,0.7659067091327909,0.9231886392753673
b21742c2-0e7a2b57.mov,BDD100K,200,201,750,32,40,2,0.6848929746882856,0.7639901364123396,0.9237102122405302
b21742c2-0e7a2b57.mov,BDD100K,300,301,750,32,40,1,0.6500152430535296,0.7377459633311925,0.9272285408528328
b21742c2-0e7a2b57.mov,BDD100K,300,301,750,32,40,10,0.6493758130069606,0.7406396901243413,0.9271015611489704
b21742c2-0e7a2b57.mov,BDD100K,300,301,750,32,40,13,0.6500214847455922,0.7408996670657114,0.9267942850629075
b21742c2-0e7a2b57.mov,BDD100K,300,301,750,32,40,4,0.6498497081967987,0.7378319539561691,0.92763706239696
b21742c2-0e7a2b57.mov,BDD100K,300,301,750,32,40,2,0.6511471740773601,0.7415544041877289,0.9289518401191611
b21742c2-0e7a2b57.mov,BDD100K,400,401,750,32,40,1,0.6046018763095075,0.7306935365989361,0.9230190217687623
b21742c2-0e7a2b57.mov,BDD100K,400,401,750,32,40,10,0.6027172649176005,0.726483522898739,0.9214408995340202
b21742c2-0e7a2b57.mov,BDD100K,400,401,750,32,40,13,0.6038322616287308,0.7294063217388218,0.9219505545161449
b21742c2-0e7a2b57.mov,BDD100K,400,401,750,32,40,4,0.6046456061956231,0.7308799072326697,0.9234314910400689
b21742c2-0e7a2b57.mov,BDD100K,400,401,750,32,40,2,0.6044381262958035,0.7273300600373264,0.9235688562572162
b21742c2-0e7a2b57.mov,BDD100K,500,501,750,32,40,1,0.5518829329687117,0.683182099472219,0.9143865971086421
b21742c2-0e7a2b57.mov,BDD100K,500,501,750,32,40,10,0.552313402764019,0.6841591089677435,0.9156331980106392
b21742c2-0e7a2b57.mov,BDD100K,500,501,750,32,40,13,0.5522094069622608,0.6837397166674403,0.9149109597400252
b21742c2-0e7a2b57.mov,BDD100K,500,501,750,32,40,4,0.5518774631038612,0.6833813314489544,0.9147624621296946
b21742c2-0e7a2b57.mov,BDD100K,500,501,750,32,40,2,0.5533672722470394,0.6859516170256588,0.9168488412171194
b21742c2-0e7a2b57.mov,BDD100K,600,601,750,32,40,1,0.7569456724894014,0.8318027069238887,0.9494372906188553
b21742c2-0e7a2b57.mov,BDD100K,600,601,750,32,40,10,0.7548443512186767,0.8281432315985406,0.9485333540226012
b21742c2-0e7a2b57.mov,BDD100K,600,601,750,32,40,13,0.7550849575693039,0.8299061380030759,0.948516636435321
b21742c2-0e7a2b57.mov,BDD100K,600,601,750,32,40,4,0.7570948745591227,0.8323344630408892,0.9498267914877069
b21742c2-0e7a2b57.mov,BDD100K,600,601,750,32,40,2,0.7554483069530038,0.8288905488203019,0.9504624653819139
b21742c2-0e7a2b57.mov,BDD100K,700,701,750,32,40,1,0.9132375054063196,0.9142379501165574,0.9513666046279118
b21742c2-0e7a2b57.mov,BDD100K,700,701,750,32,40,10,0.9136128849457315,0.9115671069484929,0.9503350233807529
b21742c2-0e7a2b57.mov,BDD100K,700,701,750,32,40,13,0.913680656806578,0.9142454211517811,0.950669253738398
b21742c2-0e7a2b57.mov,BDD100K,700,701,750,32,40,4,0.9133479350326725,0.9142538803281132,0.9518088389820957
b21742c2-0e7a2b57.mov,BDD100K,700,701,750,32,40,2,0.9155775113166461,0.9132700513250135,0.9528810406058543
b21742c2-0e7a2b57.mov,BDD100K,800,801,750,32,40,1,0.9126695675190039,0.9138336305294603,0.9494339761860145
b21742c2-0e7a2b57.mov,BDD100K,800,801,750,32,40,10,0.9132715352112614,0.9116642741174624,0.9484103205887258
b21742c2-0e7a2b57.mov,BDD100K,800,801,750,32,40,13,0.9133585403570641,0.9141274247808389,0.9488033319341761
b21742c2-0e7a2b57.mov,BDD100K,800,801,750,32,40,4,0.9127872849651717,0.9138753934094633,0.9497833014898797
b21742c2-0e7a2b57.mov,BDD100K,800,801,750,32,40,2,0.9150437587489474,0.9132322785560354,0.9507962391282012
b21742c2-0e7a2b57.mov,BDD100K,900,901,750,32,40,1,0.9164131929639009,0.915157404893095,0.950287517096362
b21742c2-0e7a2b57.mov,BDD100K,900,901,750,32,40,10,0.917073718982135,0.912772872286477,0.9492867047574546
b21742c2-0e7a2b57.mov,BDD100K,900,901,750,32,40,13,0.9170684722244662,0.9152230973225112,0.9496241637545598
b21742c2-0e7a2b57.mov,BDD100K,900,901,750,32,40,4,0.9165325264748344,0.9151631435959564,0.9506368550167057
b21742c2-0e7a2b57.mov,BDD100K,900,901,750,32,40,2,0.919025047764634,0.9144804930147381,0.9516966232118271
b21742c2-0e7a2b57.mov,BDD100K,1000,1001,750,32,40,1,0.9140254084331786,0.9142226689947146,0.9499435103721678
b21742c2-0e7a2b57.mov,BDD100K,1000,1001,750,32,40,10,0.9145114065889834,0.9118379907064585,0.9488664664109451
b21742c2-0e7a2b57.mov,BDD100K,1000,1001,750,32,40,13,0.9146378693137284,0.9142488030353916,0.949188904305371
b21742c2-0e7a2b57.mov,BDD100K,1000,1001,750,32,40,4,0.9140985150154853,0.9142391695113509,0.9502045943006507
b21742c2-0e7a2b57.mov,BDD100K,1000,1001,750,32,40,2,0.9164651028380804,0.913413908210397,0.9513546909290945
b21742c2-0e7a2b57.mov,BDD100K,1100,1101,750,32,40,1,0.9012226537872015,0.9104571264633866,0.9497460836667787
b21742c2-0e7a2b57.mov,BDD100K,1100,1101,750,32,40,10,0.9017500347093481,0.9082440414370139,0.9485974000981242
b21742c2-0e7a2b57.mov,BDD100K,1100,1101,750,32,40,13,0.9018401639077839,0.91061370576169,0.9490281241409017
b21742c2-0e7a2b57.mov,BDD100K,1100,1101,750,32,40,4,0.9012725255960327,0.9104667057372937,0.9500993781243888
b21742c2-0e7a2b57.mov,BDD100K,1100,1101,750,32,40,2,0.9036515918295897,0.9099002452703542,0.9510684703529817
b1d22449-15fb948f.mov,BDD100K,0,1,750,32,40,1,0.7566130042893899,0.8180874552572573,0.6621213796593685
b1d22449-15fb948f.mov,BDD100K,0,1,750,32,40,10,0.7614993041293978,0.81702154426785,0.6644300541917477
b1d22449-15fb948f.mov,BDD100K,0,1,750,32,40,13,0.7597115540444005,0.8185566924169381,0.6628698754534947
b1d22449-15fb948f.mov,BDD100K,0,1,750,32,40,4,0.7564249249279875,0.8182352000006512,0.6622449968076535
b1d22449-15fb948f.mov,BDD100K,0,1,750,32,40,2,0.7656434840672063,0.8195661849701809,0.6688534989768252
b1d22449-15fb948f.mov,BDD100K,100,101,750,32,40,1,0.787366982078835,0.8267371278164426,0.7187277974780364
b1d22449-15fb948f.mov,BDD100K,100,101,750,32,40,10,0.7932191747834912,0.8263429568000851,0.7233652202610318
b1d22449-15fb948f.mov,BDD100K,100,101,750,32,40,13,0.7909031377694465,0.8276039853650282,0.72038807337497
b1d22449-15fb948f.mov,BDD100K,100,101,750,32,40,4,0.7869850214157293,0.8270093978209161,0.7182970408349548
b1d22449-15fb948f.mov,BDD100K,100,101,750,32,40,2,0.7971750691754568,0.8289809950422388,0.7276840123578142
b1d22449-15fb948f.mov,BDD100K,200,201,750,32,40,1,0.7871072440669492,0.8254017949758281,0.7175173476901326
b1d22449-15fb948f.mov,BDD100K,200,201,750,32,40,10,0.7937788144038764,0.8259180723390677,0.7246116484864679
b1d22449-15fb948f.mov,BDD100K,200,201,750,32,40,13,0.7913084266849119,0.8272535288088845,0.7210793169539286
b1d22449-15fb948f.mov,BDD100K,200,201,750,32,40,4,0.7867468295075368,0.825462672385659,0.7172417456379546
b1d22449-15fb948f.mov,BDD100K,200,201,750,32,40,2,0.7974865985560703,0.8286654809454271,0.7285961635509034
b1d22449-15fb948f.mov,BDD100K,300,301,750,32,40,1,0.7873435908871129,0.825532138687477,0.721869998475237
b1d22449-15fb948f.mov,BDD100K,300,301,750,32,40,10,0.7947627500722197,0.8262100726339524,0.729166487432077
b1d22449-15fb948f.mov,BDD100K,300,301,750,32,40,13,0.7920702441846158,0.8273801512361999,0.7258938290674921
b1d22449-15fb948f.mov,BDD100K,300,301,750,32,40,4,0.7869745064046465,0.8257094701932133,0.7216028298158541
b1d22449-15fb948f.mov,BDD100K,300,301,750,32,40,2,0.7985974726852455,0.8288801217313873,0.7338118697431485
b1d22449-15fb948f.mov,BDD100K,400,401,750,32,40,1,0.7382411531383335,0.808313970460884,0.6361244750659889
b1d22449-15fb948f.mov,BDD100K,400,401,750,32,40,10,0.7446091514151266,0.8088380618983867,0.641652085558254
b1d22449-15fb948f.mov,BDD100K,400,401,750,32,40,13,0.7423954364131086,0.809682750429799,0.6396506747068605
b1d22449-15fb948f.mov,BDD100K,400,401,750,32,40,4,0.7378537825864458,0.8083889508019855,0.6358859472787731
b1d22449-15fb948f.mov,BDD100K,400,401,750,32,40,2,0.7482017086614308,0.8113864765508668,0.6450844153995734
b1d22449-15fb948f.mov,BDD100K,500,501,750,32,40,1,0.7851766582037628,0.8258738799619103,0.7141525793378048
b1d22449-15fb948f.mov,BDD100K,500,501,750,32,40,10,0.7917151488168956,0.8260432872181435,0.720217336199784
b1d22449-15fb948f.mov,BDD100K,500,501,750,32,40,13,0.789334658625732,0.8272421354891847,0.7174217513252771
b1d22449-15fb948f.mov,BDD100K,500,501,750,32,40,4,0.7849571843998944,0.8260618645175684,0.7139192874137584
b1d22449-15fb948f.mov,BDD100K,500,501,750,32,40,2,0.7954471787716658,0.8285803358073904,0.7246801812589704
b1d22449-15fb948f.mov,BDD100K,600,601,750,32,40,1,0.7782550283786853,0.8213492537519665,0.7103500959942645
b1d22449-15fb948f.mov,BDD100K,600,601,750,32,40,10,0.7848418595238199,0.821629109331947,0.7160631622573135
b1d22449-15fb948f.mov,BDD100K,600,601,750,32,40,13,0.7824789011349568,0.8230205447332143,0.7134702588322009
b1d22449-15fb948f.mov,BDD100K,600,601,750,32,40,4,0.7778091934858665,0.8213338070110852,0.7098729171791428
b1d22449-15fb948f.mov,BDD100K,600,601,750,32,40,2,0.7883579042935835,0.8241811259301268,0.7197265785119559
b1d22449-15fb948f.mov,BDD100K,700,701,750,32,40,1,0.7696015007812299,0.8155099467703043,0.6988292188752082
b1d22449-15fb948f.mov,BDD100K,700,701,750,32,40,10,0.7758830728169709,0.8159646352545342,0.703834013808045
b1d22449-15fb948f.mov,BDD100K,700,701,750,32,40,13,0.7738149652201386,0.8173901827798012,0.7018145476867943
b1d22449-15fb948f.mov,BDD100K,700,701,750,32,40,4,0.76910032919992,0.8152796904495205,0.6986280642762154
b1d22449-15fb948f.mov,BDD100K,700,701,750,32,40,2,0.7796069644982762,0.8178475279039787,0.7078300241208998
b1d22449-15fb948f.mov,BDD100K,800,801,750,32,40,1,0.7967935437679933,0.8284091239701388,0.7597789679276806
b1d22449-15fb948f.mov,BDD100K,800,801,750,32,40,10,0.8015484918613972,0.8267750461166341,0.7650069067170809
b1d22449-15fb948f.mov,BDD100K,800,801,750,32,40,13,0.8003309298877176,0.8291252917082267,0.7629990363430621
b1d22449-15fb948f.mov,BDD100K,800,801,750,32,40,4,0.7968066300431338,0.8286637874814833,0.7599145574329121
b1d22449-15fb948f.mov,BDD100K,800,801,750,32,40,2,0.8053716193722407,0.8294948493313149,0.7688862178976977
b1d22449-15fb948f.mov,BDD100K,900,901,750,32,40,1,0.7763541257833637,0.7873287302482331,0.7850278329373156
b1d22449-15fb948f.mov,BDD100K,900,901,750,32,40,10,0.779666158026156,0.7870566745669895,0.7886185626915508
b1d22449-15fb948f.mov,BDD100K,900,901,750,32,40,13,0.7787844759018118,0.7890196473865564,0.7867460282357651
b1d22449-15fb948f.mov,BDD100K,900,901,750,32,40,4,0.7762939059513044,0.7879356951945037,0.7849356547694538
b1d22449-15fb948f.mov,BDD100K,900,901,750,32,40,2,0.7835664753857444,0.7893621504352484,0.7927589783702443
b1d22449-15fb948f.mov,BDD100K,1000,1001,750,32,40,1,0.7884979487986433,0.8228361109821566,0.7193585475278108
b1d22449-15fb948f.mov,BDD100K,1000,1001,750,32,40,10,0.7941050626159596,0.8211386789128343,0.7250669769791074
b1d22449-15fb948f.mov,BDD100K,1000,1001,750,32,40,13,0.7923874700525463,0.8231399413562288,0.7227485735152289
b1d22449-15fb948f.mov,BDD100K,1000,1001,750,32,40,4,0.7883181914263081,0.8230091696706845,0.7191618998868462
b1d22449-15fb948f.mov,BDD100K,1000,1001,750,32,40,2,0.7980441618326486,0.8239396599930844,0.7293103241759576
b1d22449-15fb948f.mov,BDD100K,1100,1101,750,32,40,1,0.7883635469252352,0.8348367271191783,0.7174888835641289
b1d22449-15fb948f.mov,BDD100K,1100,1101,750,32,40,10,0.7949477493874108,0.8353177158310392,0.7227578776377915
b1d22449-15fb948f.mov,BDD100K,1100,1101,750,32,40,13,0.7922970328461592,0.8368379958398187,0.7208067935685478
b1d22449-15fb948f.mov,BDD100K,1100,1101,750,32,40,4,0.7883962700034758,0.8349765732815121,0.717662179776985
b1d22449-15fb948f.mov,BDD100K,1100,1101,750,32,40,2,0.7990928091233284,0.83735469307809,0.7263352279253343
b1d22449-15fb948f.mov,BDD100K,1200,1201,750,32,40,1,0.7392485390754772,0.8142509346637267,0.5595460291579287
b1d22449-15fb948f.mov,BDD100K,1200,1201,750,32,40,10,0.7449943336141586,0.8161592774090232,0.5628697433805628
b1d22449-15fb948f.mov,BDD100K,1200,1201,750,32,40,13,0.7428953370505882,0.817181151466872,0.5616826443448697
b1d22449-15fb948f.mov,BDD100K,1200,1201,750,32,40,4,0.7393262616712475,0.8147785612838707,0.5598749169224919
b1d22449-15fb948f.mov,BDD100K,1200,1201,750,32,40,2,0.7495780667682524,0.8182978101469174,0.5660045908464423
b216243d-55963da2.mov,BDD100K,0,1,750,32,40,1,0.8101166325573438,0.8517997119591579,0.8831335048117218
b216243d-55963da2.mov,BDD100K,0,1,750,32,40,10,0.8124771903217965,0.8469483313873298,0.8849844193884029
b216243d-55963da2.mov,BDD100K,0,1,750,32,40,13,0.8126913560278988,0.8510209961892828,0.8850664852789937
b216243d-55963da2.mov,BDD100K,0,1,750,32,40,4,0.8098836801840613,0.8516860974927826,0.8832489803185792
b216243d-55963da2.mov,BDD100K,0,1,750,32,40,2,0.8142694850424461,0.8493712843842942,0.8871260753339228
b216243d-55963da2.mov,BDD100K,100,101,750,32,40,1,0.8720694755414059,0.8952555447420928,0.8972403589985293
b216243d-55963da2.mov,BDD100K,100,101,750,32,40,10,0.8755481184671488,0.8930759827963083,0.9003963373372508
b216243d-55963da2.mov,BDD100K,100,101,750,32,40,13,0.8748184575056204,0.8960529440320381,0.8996145294865445
b216243d-55963da2.mov,BDD100K,100,101,750,32,40,4,0.8720730404523565,0.8953182833827875,0.8975601934770001
b216243d-55963da2.mov,BDD100K,100,101,750,32,40,2,0.8773394664737292,0.8953403868598558,0.90288590571221
b216243d-55963da2.mov,BDD100K,200,201,750,32,40,1,0.8731300627679072,0.8960030335891704,0.8989289967460149
b216243d-55963da2.mov,BDD100K,200,201,750,32,40,10,0.8758821314581308,0.8937893033321287,0.9016675955034922
b216243d-55963da2.mov,BDD100K,200,201,750,32,40,13,0.875010219858039,0.8961543876698941,0.9008074263984033
b216243d-55963da2.mov,BDD100K,200,201,750,32,40,4,0.873056680982588,0.8960531009449821,0.8993067734960262
b216243d-55963da2.mov,BDD100K,200,201,750,32,40,2,0.8776596528642159,0.8961544726733051,0.9040002986730483
b216243d-55963da2.mov,BDD100K,300,301,750,32,40,1,0.856846808052138,0.8918921896421023,0.8993219235708817
b216243d-55963da2.mov,BDD100K,300,301,750,32,40,10,0.8591210422216154,0.8896801615773315,0.9014472575450273
b216243d-55963da2.mov,BDD100K,300,301,750,32,40,13,0.8591432113747547,0.8926733409652887,0.9008218260473154
b216243d-55963da2.mov,BDD100K,300,301,750,32,40,4,0.8568995817601873,0.8920792007807596,0.8997509140873579
b216243d-55963da2.mov,BDD100K,300,301,750,32,40,2,0.860966015915265,0.8917974073341628,0.9036567898449439
b216243d-55963da2.mov,BDD100K,400,401,750,32,40,1,0.8202386733628216,0.867135563898774,0.8893734586746497
b216243d-55963da2.mov,BDD100K,400,401,750,32,40,10,0.8238557619214594,0.8642344576147644,0.8929650658377923
b216243d-55963da2.mov,BDD100K,400,401,750,32,40,13,0.8228951738052528,0.867491908635252,0.8919393476686007
b216243d-55963da2.mov,BDD100K,400,401,750,32,40,4,0.8202956834881797,0.8672455967296918,0.889717825890093
b216243d-55963da2.mov,BDD100K,400,401,750,32,40,2,0.8253692274738637,0.8664336799090379,0.8948781612080366
b216243d-55963da2.mov,BDD100K,500,501,750,32,40,1,0.7540115064780603,0.8287208807157841,0.874199309844153
b216243d-55963da2.mov,BDD100K,500,501,750,32,40,10,0.7589824633491054,0.8279529813062338,0.8798481862552214
b216243d-55963da2.mov,BDD100K,500,501,750,32,40,13,0.7589170974935321,0.8308868453002205,0.8785196857465896
b216243d-55963da2.mov,BDD100K,500,501,750,32,40,4,0.7537296473863185,0.8287108141529359,0.8744529672293861
b216243d-55963da2.mov,BDD100K,500,501,750,32,40,2,0.760095098844053,0.8303400603660624,0.881221006862715
b216243d-55963da2.mov,BDD100K,600,601,750,32,40,1,0.7131568172830599,0.8092762587275206,0.8444785534076581
b216243d-55963da2.mov,BDD100K,600,601,750,32,40,10,0.7181652990833377,0.8079310154630822,0.848494297675205
b216243d-55963da2.mov,BDD100K,600,601,750,32,40,13,0.7158269728417365,0.8062633714985018,0.8467263184581709
b216243d-55963da2.mov,BDD100K,600,601,750,32,40,4,0.7127598452528067,0.8092804290972692,0.844540582311204
b216243d-55963da2.mov,BDD100K,600,601,750,32,40,2,0.718109450503628,0.8071577673679814,0.849520574473857
VIRAT_S_010004_01_000163_000188.mp4,VIRAT,0,1,750,32,40,1,0.9163562120489096,0.9259685164899116,0.9462094522231638
VIRAT_S_010004_01_000163_000188.mp4,VIRAT,0,1,750,32,40,10,0.9189264966772434,0.925781883667747,0.9479709217866591
VIRAT_S_010004_01_000163_000188.mp4,VIRAT,0,1,750,32,40,13,0.9177732828427567,0.9270409915506366,0.946872787288597
VIRAT_S_010004_01_000163_000188.mp4,VIRAT,0,1,750,32,40,4,0.9163681790522639,0.9264016040301856,0.9463720318547347
VIRAT_S_010004_01_000163_000188.mp4,VIRAT,0,1,750,32,40,2,0.9195914091055242,0.9269964531489557,0.9485534599797184
VIRAT_S_010004_01_000163_000188.mp4,VIRAT,100,101,750,32,40,1,0.9216556105419272,0.9286517920049203,0.9459759952745257
VIRAT_S_010004_01_000163_000188.mp4,VIRAT,100,101,750,32,40,10,0.924572255612461,0.9288133809974377,0.9478266578129344
VIRAT_S_010004_01_000163_000188.mp4,VIRAT,100,101,750,32,40,13,0.9232580207670686,0.9300278157795823,0.9466965542214538
VIRAT_S_010004_01_000163_000188.mp4,VIRAT,100,101,750,32,40,4,0.9216938836816254,0.9290988450199258,0.9461464163820953
VIRAT_S_010004_01_000163_000188.mp4,VIRAT,100,101,750,32,40,2,0.92518014920089,0.9300146725996711,0.948399342371701
VIRAT_S_010004_01_000163_000188.mp4,VIRAT,200,201,750,32,40,1,0.9202246879091662,0.9278437701318386,0.9459468133216561
VIRAT_S_010004_01_000163_000188.mp4,VIRAT,200,201,750,32,40,10,0.9230279214371535,0.9280861884134339,0.947711179981756
VIRAT_S_010004_01_000163_000188.mp4,VIRAT,200,201,750,32,40,13,0.9218104957080451,0.92925832072734,0.9466283255496702
VIRAT_S_010004_01_000163_000188.mp4,VIRAT,200,201,750,32,40,4,0.9202607275672227,0.9282788540085263,0.946119111121258
VIRAT_S_010004_01_000163_000188.mp4,VIRAT,200,201,750,32,40,2,0.9236882413785504,0.9292842339929493,0.9483006702895058
VIRAT_S_010004_01_000163_000188.mp4,VIRAT,300,301,750,32,40,1,0.9081768579721445,0.9259158994946722,0.9457220524766862
VIRAT_S_010004_01_000163_000188.mp4,VIRAT,300,301,750,32,40,10,0.910873512738906,0.9258403766514718,0.9474640732627192
VIRAT_S_010004_01_000163_000188.mp4,VIRAT,300,301,750,32,40,13,0.9096083860653114,0.9271540679858784,0.9463449828173863
VIRAT_S_010004_01_000163_000188.mp4,VIRAT,300,301,750,32,40,4,0.9081733251919005,0.9263515971345831,0.9458865941093216
VIRAT_S_010004_01_000163_000188.mp4,VIRAT,300,301,750,32,40,2,0.9115543931852518,0.9270847481845476,0.9480478462681053
VIRAT_S_010004_01_000163_000188.mp4,VIRAT,400,401,750,32,40,1,0.9201033123197874,0.9280451806533795,0.9458095336652304
VIRAT_S_010004_01_000163_000188.mp4,VIRAT,400,401,750,32,40,10,0.922980945120892,0.928320349283334,0.9476545395374125
VIRAT_S_010004_01_000163_000188.mp4,VIRAT,400,401,750,32,40,13,0.9218098637729394,0.929533844286268,0.9465278128490374
VIRAT_S_010004_01_000163_000188.mp4,VIRAT,400,401,750,32,40,4,0.9201429510341415,0.9285109777360759,0.9459815801583246
VIRAT_S_010004_01_000163_000188.mp4,VIRAT,400,401,750,32,40,2,0.9237129772332953,0.9295835199424753,0.9482294231776512
VIRAT_S_010004_01_000163_000188.mp4,VIRAT,500,501,750,32,40,1,0.9196330954840244,0.9266004408995628,0.9462869126583157
VIRAT_S_010004_01_000163_000188.mp4,VIRAT,500,501,750,32,40,10,0.9223793277288811,0.9264962365920634,0.9481113011435115
VIRAT_S_010004_01_000163_000188.mp4,VIRAT,500,501,750,32,40,13,0.9211386493504307,0.9277303045125644,0.9470048793555507
VIRAT_S_010004_01_000163_000188.mp4,VIRAT,500,501,750,32,40,4,0.9196868895722013,0.9270685247464194,0.9464571230245641
VIRAT_S_010004_01_000163_000188.mp4,VIRAT,500,501,750,32,40,2,0.9230234960333421,0.9276204460356521,0.9486713841300948
VIRAT_S_010204_11_001524_001607.mp4,VIRAT,0,1,750,32,40,1,0.8973594206664554,0.8928932377911183,0.9481012384971947
VIRAT_S_010204_11_001524_001607.mp4,VIRAT,0,1,750,32,40,10,0.9004415005569557,0.8964538613266139,0.9505258239712407
VIRAT_S_010204_11_001524_001607.mp4,VIRAT,0,1,750,32,40,13,0.8996144317856425,0.8959563904054383,0.9495722550427503
VIRAT_S_010204_11_001524_001607.mp4,VIRAT,0,1,750,32,40,4,0.8971749019327739,0.8930324547976247,0.9482218478930812
VIRAT_S_010204_11_001524_001607.mp4,VIRAT,0,1,750,32,40,2,0.9013290131526362,0.8976872695307129,0.9511288797578118
VIRAT_S_010204_11_001524_001607.mp4,VIRAT,100,101,750,32,40,1,0.9001429054139195,0.8897452321230379,0.9462272087371328
VIRAT_S_010204_11_001524_001607.mp4,VIRAT,100,101,750,32,40,10,0.9033137297627185,0.8931856415188222,0.9487021317652174
VIRAT_S_010204_11_001524_001607.mp4,VIRAT,100,101,750,32,40,13,0.9026505934507189,0.8930799548159918,0.947769410738892
VIRAT_S_010204_11_001524_001607.mp4,VIRAT,100,101,750,32,40,4,0.9000170904604957,0.8898553392990879,0.9463471506041633
VIRAT_S_010204_11_001524_001607.mp4,VIRAT,100,101,750,32,40,2,0.904295344043882,0.8943865668680225,0.9493652516275559
VIRAT_S_010204_11_001524_001607.mp4,VIRAT,200,201,750,32,40,1,0.9162008617320089,0.8975502114069402,0.949809551637443
VIRAT_S_010204_11_001524_001607.mp4,VIRAT,200,201,750,32,40,10,0.9193596458602459,0.9008143701582925,0.9522712721456438
VIRAT_S_010204_11_001524_001607.mp4,VIRAT,200,201,750,32,40,13,0.9185341193004039,0.9007159790860045,0.9513100910888559
VIRAT_S_010204_11_001524_001607.mp4,VIRAT,200,201,750,32,40,4,0.9160947411924804,0.8977092311361187,0.9499351537143116
VIRAT_S_010204_11_001524_001607.mp4,VIRAT,200,201,750,32,40,2,0.9201714021653323,0.9020039595471124,0.9528784565177105
VIRAT_S_010204_11_001524_001607.mp4,VIRAT,300,301,750,32,40,1,0.9125092933458913,0.8964930658971815,0.9491893587319806
VIRAT_S_010204_11_001524_001607.mp4,VIRAT,300,301,750,32,40,10,0.9155678133927193,0.8998756723416409,0.9516502342425674
VIRAT_S_010204_11_001524_001607.mp4,VIRAT,300,301,750,32,40,13,0.9148022813757392,0.8997054087581099,0.9506930522307914
VIRAT_S_010204_11_001524_001607.mp4,VIRAT,300,301,750,32,40,4,0.9124045952391856,0.8966542286210988,0.9493130300032059
VIRAT_S_010204_11_001524_001607.mp4,VIRAT,300,301,750,32,40,2,0.916395061123445,0.901062554893992,0.9522666601026888
VIRAT_S_010204_11_001524_001607.mp4,VIRAT,400,401,750,32,40,1,0.9118922650704571,0.8963258931017594,0.948963305557836
VIRAT_S_010204_11_001524_001607.mp4,VIRAT,400,401,750,32,40,10,0.9149918239762913,0.899637937017426,0.9514361588434671
VIRAT_S_010204_11_001524_001607.mp4,VIRAT,400,401,750,32,40,13,0.9141554290633248,0.8994832079840951,0.9504763488634719
VIRAT_S_010204_11_001524_001607.mp4,VIRAT,400,401,750,32,40,4,0.9117891636158563,0.89648579285582,0.9490820956832241
VIRAT_S_010204_11_001524_001607.mp4,VIRAT,400,401,750,32,40,2,0.9157605455522257,0.9008024788549677,0.9520467008764767
VIRAT_S_010204_11_001524_001607.mp4,VIRAT,500,501,750,32,40,1,0.9007716733714594,0.8915962812556368,0.9470164839783762
VIRAT_S_010204_11_001524_001607.mp4,VIRAT,500,501,750,32,40,10,0.9038813964062249,0.8951896719030153,0.9495456356284698
VIRAT_S_010204_11_001524_001607.mp4,VIRAT,500,501,750,32,40,13,0.9030442567228368,0.8948874864137766,0.9485712090126107
VIRAT_S_010204_11_001524_001607.mp4,VIRAT,500,501,750,32,40,4,0.9006584620432944,0.8917882900018422,0.9471432186870944
VIRAT_S_010204_11_001524_001607.mp4,VIRAT,500,501,750,32,40,2,0.9046770684621932,0.8964081027704045,0.9501639055990939
VIRAT_S_010204_11_001524_001607.mp4,VIRAT,600,601,750,32,40,1,0.9061656904048935,0.8923005655623262,0.947287513053446
VIRAT_S_010204_11_001524_001607.mp4,VIRAT,600,601,750,32,40,10,0.9092317201784091,0.8957393664313187,0.9497955918025655
VIRAT_S_010204_11_001524_001607.mp4,VIRAT,600,601,750,32,40,13,0.9085134835836882,0.8955451359920414,0.9488241603637154
VIRAT_S_010204_11_001524_001607.mp4,VIRAT,600,601,750,32,40,4,0.9060456418390337,0.8924689643463105,0.9474079980289788
VIRAT_S_010204_11_001524_001607.mp4,VIRAT,600,601,750,32,40,2,0.9100959581487963,0.8968887018106708,0.9504143331092728
VIRAT_S_010204_11_001524_001607.mp4,VIRAT,700,701,750,32,40,1,0.9155865553872214,0.8975535492282329,0.9492405231884654
VIRAT_S_010204_11_001524_001607.mp4,VIRAT,700,701,750,32,40,10,0.9187732524415759,0.9008941993226788,0.9517564792428241
VIRAT_S_010204_11_001524_001607.mp4,VIRAT,700,701,750,32,40,13,0.9179733125802066,0.900697577004944,0.9507849966396039
VIRAT_S_010204_11_001524_001607.mp4,VIRAT,700,701,750,32,40,4,0.9154789390194319,0.8977115921873341,0.9493605497864843
VIRAT_S_010204_11_001524_001607.mp4,VIRAT,700,701,750,32,40,2,0.9195796013302666,0.9020446020153124,0.9523711216214966
VIRAT_S_010204_11_001524_001607.mp4,VIRAT,800,801,750,32,40,1,0.9114023379077025,0.896376163328832,0.9488401779611891
VIRAT_S_010204_11_001524_001607.mp4,VIRAT,800,801,750,32,40,10,0.9144140247556659,0.899683106770341,0.9513615799821934
VIRAT_S_010204_11_001524_001607.mp4,VIRAT,800,801,750,32,40,13,0.9136260626368342,0.8995005580282254,0.950392699255961
VIRAT_S_010204_11_001524_001607.mp4,VIRAT,800,801,750,32,40,4,0.9112902907003143,0.8965354418537387,0.948961331767527
VIRAT_S_010204_11_001524_001607.mp4,VIRAT,800,801,750,32,40,2,0.9152384592809485,0.90088151869942,0.9519762676707989
VIRAT_S_010204_11_001524_001607.mp4,VIRAT,900,901,750,32,40,1,0.9134507300720011,0.8972277685365652,0.9490638299835812
VIRAT_S_010204_11_001524_001607.mp4,VIRAT,900,901,750,32,40,10,0.9165493719010126,0.9006302676067304,0.951569337954183
VIRAT_S_010204_11_001524_001607.mp4,VIRAT,900,901,750,32,40,13,0.9157052165513696,0.9004355910073621,0.950596103020643
VIRAT_S_010204_11_001524_001607.mp4,VIRAT,900,901,750,32,40,4,0.9133072951935688,0.8973748776523104,0.9491855953362571
VIRAT_S_010204_11_001524_001607.mp4,VIRAT,900,901,750,32,40,2,0.9172946987763012,0.9018131229486389,0.9521780783704398
VIRAT_S_010204_11_001524_001607.mp4,VIRAT,1000,1001,750,32,40,1,0.9059754597452692,0.8952073828973276,0.948460843133041
VIRAT_S_010204_11_001524_001607.mp4,VIRAT,1000,1001,750,32,40,10,0.9091181021011264,0.8985719461196949,0.950960626722407
VIRAT_S_010204_11_001524_001607.mp4,VIRAT,1000,1001,750,32,40,13,0.9083072781830376,0.8984661736129295,0.9499982582017462
VIRAT_S_010204_11_001524_001607.mp4,VIRAT,1000,1001,750,32,40,4,0.9058846673429567,0.8953948976463981,0.9485824726073661
VIRAT_S_010204_11_001524_001607.mp4,VIRAT,1000,1001,750,32,40,2,0.9100087561513336,0.8998355558468591,0.9515893844329096
VIRAT_S_010204_11_001524_001607.mp4,VIRAT,1100,1101,750,32,40,1,0.9111771122256339,0.8965938237477017,0.9492018888607957
VIRAT_S_010204_11_001524_001607.mp4,VIRAT,1100,1101,750,32,40,10,0.9143279647590309,0.8999758481081235,0.9517063038101264
VIRAT_S_010204_11_001524_001607.mp4,VIRAT,1100,1101,750,32,40,13,0.913557352838788,0.8998697981375814,0.9507410374702715
VIRAT_S_010204_11_001524_001607.mp4,VIRAT,1100,1101,750,32,40,4,0.9110326834734059,0.8967519665481415,0.9493249133819578
VIRAT_S_010204_11_001524_001607.mp4,VIRAT,1100,1101,750,32,40,2,0.9151350935207413,0.9011653846728553,0.9523106681174642
VIRAT_S_010204_11_001524_001607.mp4,VIRAT,1200,1201,750,32,40,1,0.9155402722821263,0.8975543257812685,0.9495789981827213
VIRAT_S_010204_11_001524_001607.mp4,VIRAT,1200,1201,750,32,40,10,0.9187089447033102,0.9010296019023943,0.952088500685338
VIRAT_S_010204_11_001524_001607.mp4,VIRAT,1200,1201,750,32,40,13,0.9179712087029707,0.9008351336436398,0.9511257275502446
VIRAT_S_010204_11_001524_001607.mp4,VIRAT,1200,1201,750,32,40,4,0.91538681515024,0.8976815830664119,0.9496997064899412
VIRAT_S_010204_11_001524_001607.mp4,VIRAT,1200,1201,750,32,40,2,0.9195297700006716,0.9021728545144865,0.9526946551481759
VIRAT_S_010204_11_001524_001607.mp4,VIRAT,1300,1301,750,32,40,1,0.9143453939622531,0.8968455343271607,0.9496268264354417
VIRAT_S_010204_11_001524_001607.mp4,VIRAT,1300,1301,750,32,40,10,0.9173922918171149,0.9001831926885414,0.9521028755730647
VIRAT_S_010204_11_001524_001607.mp4,VIRAT,1300,1301,750,32,40,13,0.9166252420259601,0.9000095036248706,0.9511467813311217
VIRAT_S_010204_11_001524_001607.mp4,VIRAT,1300,1301,750,32,40,4,0.9142120369174781,0.8970001923490905,0.9497490671999845
VIRAT_S_010204_11_001524_001607.mp4,VIRAT,1300,1301,750,32,40,2,0.9181934782527259,0.9013096488388718,0.9527064547575436
VIRAT_S_010204_11_001524_001607.mp4,VIRAT,1400,1401,750,32,40,1,0.9104680120292059,0.8961994919003697,0.9493709037758875
VIRAT_S_010204_11_001524_001607.mp4,VIRAT,1400,1401,750,32,40,10,0.9135123905955318,0.8994686598600734,0.9518434321214827
VIRAT_S_010204_11_001524_001607.mp4,VIRAT,1400,1401,750,32,40,13,0.9127741159228892,0.8993238583570827,0.9508792267283162
VIRAT_S_010204_11_001524_001607.mp4,VIRAT,1400,1401,750,32,40,4,0.910329371572312,0.8963440628748542,0.949492446700681
VIRAT_S_010204_11_001524_001607.mp4,VIRAT,1400,1401,750,32,40,2,0.9143140116295271,0.9006245027745521,0.9524507949733367
VIRAT_S_010204_11_001524_001607.mp4,VIRAT,1500,1501,750,32,40,1,0.8987230808230916,0.8920170532155062,0.9482054019905974
VIRAT_S_010204_11_001524_001607.mp4,VIRAT,1500,1501,750,32,40,10,0.90195427970983,0.8956734622991092,0.9507262961803197
VIRAT_S_010204_11_001524_001607.mp4,VIRAT,1500,1501,750,32,40,13,0.9011774479964939,0.8951843526362737,0.9497619560234289
VIRAT_S_010204_11_001524_001607.mp4,VIRAT,1500,1501,750,32,40,4,0.898747150623461,0.8922329904603195,0.9483443819293093
VIRAT_S_010204_11_001524_001607.mp4,VIRAT,1500,1501,750,32,40,2,0.9026295267820473,0.8966096033410577,0.9513339037271225
VIRAT_S_010205_04_000545_000576.mp4,VIRAT,0,1,750,32,40,1,0.9170141985701276,0.8972136642248603,0.9499955007816693
VIRAT_S_010205_04_000545_000576.mp4,VIRAT,0,1,750,32,40,10,0.9198890441532765,0.8997751606544756,0.9524229494769778
VIRAT_S_010205_04_000545_000576.mp4,VIRAT,0,1,750,32,40,13,0.9191261189494039,0.9002864401382004,0.951454640166809
VIRAT_S_010205_04_000545_000576.mp4,VIRAT,0,1,750,32,40,4,0.9168871364759305,0.8973998798371979,0.9501076902053761
VIRAT_S_010205_04_000545_000576.mp4,VIRAT,0,1,750,32,40,2,0.9204365416087349,0.9011338679446677,0.9530177075983097
VIRAT_S_010205_04_000545_000576.mp4,VIRAT,100,101,750,32,40,1,0.9183584517977899,0.8979365784029195,0.9503405477406863
VIRAT_S_010205_04_000545_000576.mp4,VIRAT,100,101,750,32,40,10,0.9211986802464552,0.9003859182941787,0.9527894580536559
VIRAT_S_010205_04_000545_000576.mp4,VIRAT,100,101,750,32,40,13,0.9205051662345379,0.9009265526657341,0.9518295933124755
VIRAT_S_010205_04_000545_000576.mp4,VIRAT,100,101,750,32,40,4,0.9181976608498464,0.8980940648153984,0.9504591584067574
VIRAT_S_010205_04_000545_000576.mp4,VIRAT,100,101,750,32,40,2,0.9217184375041879,0.901670124366894,0.9533844314942644
VIRAT_S_010205_04_000545_000576.mp4,VIRAT,200,201,750,32,40,1,0.9161041168639014,0.8982034441619331,0.9492581967778758
VIRAT_S_010205_04_000545_000576.mp4,VIRAT,200,201,750,32,40,10,0.919057385967199,0.9006378222752108,0.9517640299801297
VIRAT_S_010205_04_000545_000576.mp4,VIRAT,200,201,750,32,40,13,0.9182960967324353,0.9011575897873185,0.9507983717071223
VIRAT_S_010205_04_000545_000576.mp4,VIRAT,200,201,750,32,40,4,0.9159381797984137,0.8983074718140841,0.9493945105238563
VIRAT_S_010205_04_000545_000576.mp4,VIRAT,200,201,750,32,40,2,0.919666622538242,0.9020181925212643,0.952375951718885
VIRAT_S_010205_04_000545_000576.mp4,VIRAT,300,301,750,32,40,1,0.9188707409515393,0.8981892410357624,0.9501883092944556
VIRAT_S_010205_04_000545_000576.mp4,VIRAT,300,301,750,32,40,10,0.9217794580627793,0.900668777402638,0.9526502115999248
VIRAT_S_010205_04_000545_000576.mp4,VIRAT,300,301,750,32,40,13,0.9210947922071555,0.9012046287816703,0.9517009598907441
VIRAT_S_010205_04_000545_000576.mp4,VIRAT,300,301,750,32,40,4,0.9186985644647311,0.8983398739417711,0.9503024614119612
VIRAT_S_010205_04_000545_000576.mp4,VIRAT,300,301,750,32,40,2,0.9223378388503717,0.9019713780717254,0.9532531016589935
VIRAT_S_010205_04_000545_000576.mp4,VIRAT,400,401,750,32,40,1,0.9182686472317716,0.8978741332880884,0.9503232827637017
VIRAT_S_010205_04_000545_000576.mp4,VIRAT,400,401,750,32,40,10,0.9211299828923837,0.9004436616711751,0.9527834017181859
VIRAT_S_010205_04_000545_000576.mp4,VIRAT,400,401,750,32,40,13,0.9204454195408497,0.9009416812145468,0.9518298579675761
VIRAT_S_010205_04_000545_000576.mp4,VIRAT,400,401,750,32,40,4,0.9181025638762742,0.8980491642286333,0.9504402134050663
VIRAT_S_010205_04_000545_000576.mp4,VIRAT,400,401,750,32,40,2,0.921694155125051,0.901795952551624,0.9533814632133003
VIRAT_S_010205_04_000545_000576.mp4,VIRAT,500,501,750,32,40,1,0.9075896961594637,0.895425611641291,0.9497258451039267
VIRAT_S_010205_04_000545_000576.mp4,VIRAT,500,501,750,32,40,10,0.9101162391408556,0.8975252627598806,0.9521495324372117
VIRAT_S_010205_04_000545_000576.mp4,VIRAT,500,501,750,32,40,13,0.9095921102746242,0.8983096156361337,0.9512013788474585
VIRAT_S_010205_04_000545_000576.mp4,VIRAT,500,501,750,32,40,4,0.9073331772652721,0.8955533228836263,0.9498364658643744
VIRAT_S_010205_04_000545_000576.mp4,VIRAT,500,501,750,32,40,2,0.9107544062046496,0.8989617998859321,0.9527508115678348
VIRAT_S_010204_03_000606_000632.mp4,VIRAT,0,1,750,32,40,1,0.8932934558397543,0.8873318041566277,0.9457546009807188
VIRAT_S_010204_03_000606_000632.mp4,VIRAT,0,1,750,32,40,10,0.8966779858699061,0.890754292382874,0.9482406751036189
VIRAT_S_010204_03_000606_000632.mp4,VIRAT,0,1,750,32,40,13,0.8956360494233359,0.8906502359920743,0.9473099970770832
VIRAT_S_010204_03_000606_000632.mp4,VIRAT,0,1,750,32,40,4,0.8932245704554242,0.8875530057549076,0.9458886052086865
VIRAT_S_010204_03_000606_000632.mp4,VIRAT,0,1,750,32,40,2,0.8973615843029926,0.8919306086929013,0.9488764643358164
VIRAT_S_010204_03_000606_000632.mp4,VIRAT,100,101,750,32,40,1,0.912911068189017,0.896172644567581,0.9479458716873911
VIRAT_S_010204_03_000606_000632.mp4,VIRAT,100,101,750,32,40,10,0.9161309111447954,0.8994907950812375,0.9504121170580783
VIRAT_S_010204_03_000606_000632.mp4,VIRAT,100,101,750,32,40,13,0.9153566857076701,0.8993535317757457,0.9494680785708978
VIRAT_S_010204_03_000606_000632.mp4,VIRAT,100,101,750,32,40,4,0.9128548928051733,0.896413162358876,0.9480694808757462
VIRAT_S_010204_03_000606_000632.mp4,VIRAT,100,101,750,32,40,2,0.9168941342876414,0.9006746909525987,0.9510436846189494
VIRAT_S_010204_03_000606_000632.mp4,VIRAT,200,201,750,32,40,1,0.9017769957807232,0.89203475388393,0.9471999175772926
VIRAT_S_010204_03_000606_000632.mp4,VIRAT,200,201,750,32,40,10,0.9049603823479542,0.895277311433607,0.9496310954408379
VIRAT_S_010204_03_000606_000632.mp4,VIRAT,200,201,750,32,40,13,0.9042772403050853,0.8951842830050925,0.948703435715729
VIRAT_S_010204_03_000606_000632.mp4,VIRAT,200,201,750,32,40,4,0.9016303700713019,0.8921335777460131,0.9473371494419848
VIRAT_S_010204_03_000606_000632.mp4,VIRAT,200,201,750,32,40,2,0.9057282681555777,0.8965143492620763,0.9502653026474898
VIRAT_S_010204_03_000606_000632.mp4,VIRAT,300,301,750,32,40,1,0.9167948815561221,0.8973441813872386,0.948247041479262
VIRAT_S_010204_03_000606_000632.mp4,VIRAT,300,301,750,32,40,10,0.920010428385193,0.9007457052177174,0.9507687579245121
VIRAT_S_010204_03_000606_000632.mp4,VIRAT,300,301,750,32,40,13,0.9192806296212229,0.9006642928051994,0.9498046373740386
VIRAT_S_010204_03_000606_000632.mp4,VIRAT,300,301,750,32,40,4,0.9167051187628261,0.8975102428356825,0.9483660352698572
VIRAT_S_010204_03_000606_000632.mp4,VIRAT,300,301,750,32,40,2,0.920810634784031,0.9019656540468373,0.9513996515422366
VIRAT_S_010208_08_000807_000831.mp4,VIRAT,0,1,750,32,40,1,0.9172173180194795,0.8978770246285909,0.950237584385333
VIRAT_S_010208_08_000807_000831.mp4,VIRAT,0,1,750,32,40,10,0.9199573007237473,0.900068573517254,0.9525234734507467
VIRAT_S_010208_08_000807_000831.mp4,VIRAT,0,1,750,32,40,13,0.919302075442682,0.9006207558748919,0.9516367793142
VIRAT_S_010208_08_000807_000831.mp4,VIRAT,0,1,750,32,40,4,0.9170523983294331,0.8981293012664022,0.9503765902318008
VIRAT_S_010208_08_000807_000831.mp4,VIRAT,0,1,750,32,40,2,0.9203181684809113,0.9013544929277059,0.9531274296623992
VIRAT_S_010208_08_000807_000831.mp4,VIRAT,100,101,750,32,40,1,0.9177828654505641,0.8972032137790001,0.9500692577634092
VIRAT_S_010208_08_000807_000831.mp4,VIRAT,100,101,750,32,40,10,0.920640371415843,0.8996622495044682,0.9524219166418998
VIRAT_S_010208_08_000807_000831.mp4,VIRAT,100,101,750,32,40,13,0.9198818513806829,0.9000114507411665,0.9514926629407002
VIRAT_S_010208_08_000807_000831.mp4,VIRAT,100,101,750,32,40,4,0.9175900154537033,0.8974399334824659,0.9502138347355328
VIRAT_S_010208_08_000807_000831.mp4,VIRAT,100,101,750,32,40,2,0.9209669733885936,0.90089571574657,0.9530215582782885
VIRAT_S_010208_08_000807_000831.mp4,VIRAT,200,201,750,32,40,1,0.9168538654628496,0.8973599452765441,0.9505409296756131
VIRAT_S_010208_08_000807_000831.mp4,VIRAT,200,201,750,32,40,10,0.9196180705991663,0.8995506053487113,0.9528475724665005
VIRAT_S_010208_08_000807_000831.mp4,VIRAT,200,201,750,32,40,13,0.9188603568704189,0.899925392350285,0.9519409850474464
VIRAT_S_010208_08_000807_000831.mp4,VIRAT,200,201,750,32,40,4,0.9167610274085242,0.897607800045392,0.9506812007775437
VIRAT_S_010208_08_000807_000831.mp4,VIRAT,200,201,750,32,40,2,0.9199787603838839,0.900769647357037,0.9534443479088571
VIRAT_S_010208_08_000807_000831.mp4,VIRAT,300,301,750,32,40,1,0.9139858367773539,0.8959917450184068,0.9498498101196082
VIRAT_S_010208_08_000807_000831.mp4,VIRAT,300,301,750,32,40,10,0.9168063930709934,0.8984126518914622,0.9521606443502898
VIRAT_S_010208_08_000807_000831.mp4,VIRAT,300,301,750,32,40,13,0.9161600539208224,0.8987328144195001,0.951256657547674
VIRAT_S_010208_08_000807_000831.mp4,VIRAT,300,301,750,32,40,4,0.9138306018345594,0.8962549225008619,0.949990199427925
VIRAT_S_010208_08_000807_000831.mp4,VIRAT,300,301,750,32,40,2,0.9171727990850229,0.8995927411087391,0.9527591504166981
VIRAT_S_010208_08_000807_000831.mp4,VIRAT,400,401,750,32,40,1,0.918314219587733,0.8981277166207587,0.9503035888154038
VIRAT_S_010208_08_000807_000831.mp4,VIRAT,400,401,750,32,40,10,0.9212103468269559,0.9005964689689258,0.952646504830927
VIRAT_S_010208_08_000807_000831.mp4,VIRAT,400,401,750,32,40,13,0.9204838928185994,0.9009252530992183,0.9517267429009743
VIRAT_S_010208_08_000807_000831.mp4,VIRAT,400,401,750,32,40,4,0.9181977018478551,0.8984338494471712,0.9504445836559196
VIRAT_S_010208_08_000807_000831.mp4,VIRAT,400,401,750,32,40,2,0.921615616794382,0.9018393598770996,0.9532552697879074
b21ac8b3-9b9cb45a.mov,BDD100K,0,1,blinding,0,0,9,0.2702339626925592,0.7275379280577925,0.193953155543622
b21ac8b3-9b9cb45a.mov,BDD100K,0,1,blinding,0,0,11,0.27272889846293513,0.6978736860384886,0.2084145562889016
b21ac8b3-9b9cb45a.mov,BDD100K,0,1,blinding,0,0,0,0.16880562409366917,0.5850632596956752,0.09289127203746576
b21ac8b3-9b9cb45a.mov,BDD100K,0,1,blinding,0,0,5,0.21183131771526265,0.6640134378626069,0.1349626829668202
b21ac8b3-9b9cb45a.mov,BDD100K,0,1,blinding,0,0,3,0.19469694752883493,0.6622327867579558,0.14227194688300437
VIRAT_S_010001_03_000537_000563.mp4,VIRAT,0,1,blinding,0,0,9,0.6527962176075424,0.8269214329406726,0.7218527876817346
VIRAT_S_010001_03_000537_000563.mp4,VIRAT,0,1,blinding,0,0,11,0.6240019265915561,0.7840488300527267,0.6974789531423123
VIRAT_S_010001_03_000537_000563.mp4,VIRAT,0,1,blinding,0,0,0,0.5264807279666638,0.6292730354843422,0.623215925650928
VIRAT_S_010001_03_000537_000563.mp4,VIRAT,0,1,blinding,0,0,5,0.5979030609957761,0.7585787548136951,0.6794956995388662
VIRAT_S_010001_03_000537_000563.mp4,VIRAT,0,1,blinding,0,0,3,0.5272638052285542,0.6576683629836224,0.6123745955586565
b230a7b2-c881c382.mov,BDD100K,0,1,blinding,0,0,8,0.33961797849545167,0.6419672605850927,0.3078641267350786
b230a7b2-c881c382.mov,BDD100K,0,1,blinding,0,0,10,0.3329028348936089,0.668785998165415,0.29396976170358674
b230a7b2-c881c382.mov,BDD100K,0,1,blinding,0,0,7,0.26548617960008114,0.6442344117118852,0.247404720675282
b230a7b2-c881c382.mov,BDD100K,0,1,blinding,0,0,2,0.23790187554425554,0.628806402730325,0.16710625419422978
b230a7b2-c881c382.mov,BDD100K,0,1,blinding,0,0,6,0.28129555930805716,0.6390829103611586,0.22439022361316294
b230a7b2-c881c382.mov,BDD100K,500,501,blinding,0,0,8,0.36529356953577885,0.7291138003875678,0.2780717128658755
b230a7b2-c881c382.mov,BDD100K,500,501,blinding,0,0,10,0.35631238491970335,0.7110313385681557,0.2749543084281337
b230a7b2-c881c382.mov,BDD100K,500,501,blinding,0,0,7,0.3039583683828444,0.7005271429200437,0.25625288181514044
b230a7b2-c881c382.mov,BDD100K,500,501,blinding,0,0,2,0.24860852663486507,0.6460306099458155,0.1530223175816083
b230a7b2-c881c382.mov,BDD100K,500,501,blinding,0,0,6,0.2962081695780569,0.6659607797395346,0.20730863440455385
b230a7b2-c881c382.mov,BDD100K,1000,1001,blinding,0,0,8,0.44147244327999097,0.7829488885000788,0.3626702055452928
b230a7b2-c881c382.mov,BDD100K,1000,1001,blinding,0,0,10,0.4321815288620316,0.7752006352673989,0.35330057221985217
b230a7b2-c881c382.mov,BDD100K,1000,1001,blinding,0,0,7,0.3716187864797194,0.7580247652999902,0.2936244749431545
b230a7b2-c881c382.mov,BDD100K,1000,1001,blinding,0,0,2,0.3113534726830831,0.708527058205236,0.21817220868014386
b230a7b2-c881c382.mov,BDD100K,1000,1001,blinding,0,0,6,0.36442015547155343,0.7252066451274887,0.2807768456105922
b1d7b3ac-2a92e19f.mov,BDD100K,0,1,blinding,0,0,8,0.7396304024169998,0.746560731719791,0.8285073216569816
b1d7b3ac-2a92e19f.mov,BDD100K,0,1,blinding,0,0,10,0.786439242859704,0.7985672248636224,0.8724964207239111
b1d7b3ac-2a92e19f.mov,BDD100K,0,1,blinding,0,0,7,0.7971091682523442,0.8142240879172927,0.8808069167460287
b1d7b3ac-2a92e19f.mov,BDD100K,0,1,blinding,0,0,2,0.7607579692346538,0.733947045337998,0.834971193620405
b1d7b3ac-2a92e19f.mov,BDD100K,0,1,blinding,0,0,6,0.7715544758035388,0.7678687427162073,0.853664584331772
b1d7b3ac-2a92e19f.mov,BDD100K,500,501,blinding,0,0,8,0.5375382348596641,0.6361696521023898,0.6402683077937509
b1d7b3ac-2a92e19f.mov,BDD100K,500,501,blinding,0,0,10,0.585705257318133,0.6527902022350764,0.7024699230595819
b1d7b3ac-2a92e19f.mov,BDD100K,500,501,blinding,0,0,7,0.5416437276656298,0.6288647365856376,0.645286542995982
b1d7b3ac-2a92e19f.mov,BDD100K,500,501,blinding,0,0,2,0.5541478616246095,0.612200182831225,0.6100079321783092
b1d7b3ac-2a92e19f.mov,BDD100K,500,501,blinding,0,0,6,0.5742758025637016,0.6450270113155842,0.6571602511924494
b1d7b3ac-2a92e19f.mov,BDD100K,1000,1001,blinding,0,0,8,0.6486168230382363,0.8002258443724193,0.6599998541937765
b1d7b3ac-2a92e19f.mov,BDD100K,1000,1001,blinding,0,0,10,0.7111031410198688,0.8478031818002744,0.7375081685565528
b1d7b3ac-2a92e19f.mov,BDD100K,1000,1001,blinding,0,0,7,0.6299555236898486,0.7424598686914566,0.6469904646992208
b1d7b3ac-2a92e19f.mov,BDD100K,1000,1001,blinding,0,0,2,0.6136870852677225,0.7155135085183993,0.6333048800134032
b1d7b3ac-2a92e19f.mov,BDD100K,1000,1001,blinding,0,0,6,0.6629464971062572,0.7835353310204274,0.6881012038384187
b22f174d-a19c875e.mov,BDD100K,0,1,blinding,0,0,8,0.40638721179962706,0.7656688483368284,0.3360201550683181
b22f174d-a19c875e.mov,BDD100K,0,1,blinding,0,0,10,0.41424421088428326,0.789129762215248,0.3419759141331153
b22f174d-a19c875e.mov,BDD100K,0,1,blinding,0,0,7,0.33309720005239013,0.7155978363070127,0.25004483440984643
b22f174d-a19c875e.mov,BDD100K,0,1,blinding,0,0,2,0.30517697537468086,0.7551932614074908,0.22385118314720875
b22f174d-a19c875e.mov,BDD100K,0,1,blinding,0,0,6,0.3537712850613346,0.7571265145782744,0.2792531877362691
b22f174d-a19c875e.mov,BDD100K,500,501,blinding,0,0,8,0.38473230920514007,0.7637853379586562,0.3075619442744857
b22f174d-a19c875e.mov,BDD100K,500,501,blinding,0,0,10,0.39072732865761856,0.7883560662830404,0.3120536155154849
b22f174d-a19c875e.mov,BDD100K,500,501,blinding,0,0,7,0.3091071566993784,0.7199255023605206,0.2205128885446248
b22f174d-a19c875e.mov,BDD100K,500,501,blinding,0,0,2,0.2776886304959298,0.7517898838431301,0.19005178193485942
b22f174d-a19c875e.mov,BDD100K,500,501,blinding,0,0,6,0.3285075701970718,0.7540019537770221,0.24674538517210995
b22f174d-a19c875e.mov,BDD100K,1000,1001,blinding,0,0,8,0.026058637263458275,0.5230764304821199,0.0011950671846220626
b22f174d-a19c875e.mov,BDD100K,1000,1001,blinding,0,0,10,0.02563916346202424,0.5143350410933337,0.0011345509473315006
b22f174d-a19c875e.mov,BDD100K,1000,1001,blinding,0,0,7,0.016942052551764716,0.4795915493919017,0.0007505947665104386
b22f174d-a19c875e.mov,BDD100K,1000,1001,blinding,0,0,2,0.009931374922713612,0.4407289691071079,0.00028142016027534237
b22f174d-a19c875e.mov,BDD100K,1000,1001,blinding,0,0,6,0.015652606412350126,0.463252542865752,0.0005731112267193236
b204a5c1-064b0040.mov,BDD100K,0,1,blinding,0,0,8,0.4191203648059368,0.601285549936489,0.695178943082027
b204a5c1-064b0040.mov,BDD100K,0,1,blinding,0,0,10,0.4329387298716476,0.5651242930664269,0.7170498178724886
b204a5c1-064b0040.mov,BDD100K,0,1,blinding,0,0,7,0.39182539267282124,0.5146021099942331,0.6429678319284039
b204a5c1-064b0040.mov,BDD100K,0,1,blinding,0,0,2,0.3812366336687907,0.4573817514298223,0.6377067175980183
b204a5c1-064b0040.mov,BDD100K,0,1,blinding,0,0,6,0.40242833674604284,0.5057161297332449,0.675972835139452
b204a5c1-064b0040.mov,BDD100K,500,501,blinding,0,0,8,0.4495154044344323,0.6422687227412861,0.695755841118797
b204a5c1-064b0040.mov,BDD100K,500,501,blinding,0,0,10,0.4729133517127786,0.6405206244602671,0.7120328412834777
b204a5c1-064b0040.mov,BDD100K,500,501,blinding,0,0,7,0.46322685134905717,0.6206109564292407,0.6586688262378443
b204a5c1-064b0040.mov,BDD100K,500,501,blinding,0,0,2,0.4304504265171234,0.535706469123405,0.6346316698374662
b204a5c1-064b0040.mov,BDD100K,500,501,blinding,0,0,6,0.44978517960846603,0.5843399988034054,0.6713444588297989
b204a5c1-064b0040.mov,BDD100K,1000,1001,blinding,0,0,8,0.6207562854634909,0.7965193904196727,0.7361047051836568
b204a5c1-064b0040.mov,BDD100K,1000,1001,blinding,0,0,10,0.6176692682045738,0.7716709036011404,0.7400317819964247
b204a5c1-064b0040.mov,BDD100K,1000,1001,blinding,0,0,7,0.5434620435863629,0.6970132412779937,0.6732453671841893
b204a5c1-064b0040.mov,BDD100K,1000,1001,blinding,0,0,2,0.5147173466633329,0.6435738718250059,0.6672804631402154
b204a5c1-064b0040.mov,BDD100K,1000,1001,blinding,0,0,6,0.5611478456140057,0.7016815836144263,0.7025867209384765
b1d7b3ac-9e14f05f.mov,BDD100K,0,1,blinding,0,0,8,0.6176997803338375,0.7855684730473499,0.6519884336465803
b1d7b3ac-9e14f05f.mov,BDD100K,0,1,blinding,0,0,10,0.6823062354996005,0.813584248161739,0.7392819927513928
b1d7b3ac-9e14f05f.mov,BDD100K,0,1,blinding,0,0,7,0.63624832394705,0.7609392013780621,0.6652056295307346
b1d7b3ac-9e14f05f.mov,BDD100K,0,1,blinding,0,0,2,0.6110823508115828,0.7454183671236468,0.6388793802339781
b1d7b3ac-9e14f05f.mov,BDD100K,0,1,blinding,0,0,6,0.6497914123066438,0.7856645522412794,0.6924783532477359
b1d7b3ac-9e14f05f.mov,BDD100K,500,501,blinding,0,0,8,0.5833082581481716,0.7466456850272718,0.5682014480393903
b1d7b3ac-9e14f05f.mov,BDD100K,500,501,blinding,0,0,10,0.6792738379296016,0.8050067036807718,0.6700425820602401
b1d7b3ac-9e14f05f.mov,BDD100K,500,501,blinding,0,0,7,0.6128151470212436,0.762242714861014,0.58804471227586
b1d7b3ac-9e14f05f.mov,BDD100K,500,501,blinding,0,0,2,0.6011371269468956,0.6978797484489395,0.544294229304668
b1d7b3ac-9e14f05f.mov,BDD100K,500,501,blinding,0,0,6,0.6451494563907357,0.7620168750259211,0.6100469660097945
b1d7b3ac-9e14f05f.mov,BDD100K,1000,1001,blinding,0,0,8,0.6013701148381463,0.7613515187915676,0.6068006459775601
b1d7b3ac-9e14f05f.mov,BDD100K,1000,1001,blinding,0,0,10,0.6892461545101985,0.8176927522619502,0.7020036118647076
b1d7b3ac-9e14f05f.mov,BDD100K,1000,1001,blinding,0,0,7,0.6443452607799177,0.7809943085767833,0.6334474583898054
b1d7b3ac-9e14f05f.mov,BDD100K,1000,1001,blinding,0,0,2,0.6302874338740152,0.759423908124333,0.599201200087619
b1d7b3ac-9e14f05f.mov,BDD100K,1000,1001,blinding,0,0,6,0.6680115710940074,0.8042612704438589,0.6518640685423772
VIRAT_S_010200_01_000254_000322.mp4,VIRAT,0,1,blinding,0,0,8,0.6955306537309703,0.8358164948691171,0.7233727312859913
VIRAT_S_010200_01_000254_000322.mp4,VIRAT,0,1,blinding,0,0,10,0.6484258529503918,0.7778823847558894,0.6780203257899914
VIRAT_S_010200_01_000254_000322.mp4,VIRAT,0,1,blinding,0,0,7,0.6182727649048217,0.7776656402899572,0.6318954838221605
VIRAT_S_010200_01_000254_000322.mp4,VIRAT,0,1,blinding,0,0,2,0.5713745298777054,0.6940233438164163,0.604055092165932
VIRAT_S_010200_01_000254_000322.mp4,VIRAT,0,1,blinding,0,0,6,0.6052888566974985,0.7318075671481851,0.6377411654804684
VIRAT_S_010200_01_000254_000322.mp4,VIRAT,500,501,blinding,0,0,8,0.6963686092950994,0.8353655650432635,0.7217550585532083
VIRAT_S_010200_01_000254_000322.mp4,VIRAT,500,501,blinding,0,0,10,0.6485186457077129,0.7761511452636405,0.6762498887112693
VIRAT_S_010200_01_000254_000322.mp4,VIRAT,500,501,blinding,0,0,7,0.6180565818519691,0.775450744992948,0.6301044678831543
VIRAT_S_010200_01_000254_000322.mp4,VIRAT,500,501,blinding,0,0,2,0.5729546188819121,0.6922227008100369,0.6024048017224944
VIRAT_S_010200_01_000254_000322.mp4,VIRAT,500,501,blinding,0,0,6,0.6061132931166832,0.7298678835602306,0.6360609066149459
VIRAT_S_010200_01_000254_000322.mp4,VIRAT,1000,1001,blinding,0,0,8,0.6996752818953165,0.8382559513432191,0.7221120678351448
VIRAT_S_010200_01_000254_000322.mp4,VIRAT,1000,1001,blinding,0,0,10,0.6509286831291454,0.7786658707372306,0.6761507695761514
VIRAT_S_010200_01_000254_000322.mp4,VIRAT,1000,1001,blinding,0,0,7,0.621484777992916,0.778303002486108,0.6305598473960772
VIRAT_S_010200_01_000254_000322.mp4,VIRAT,1000,1001,blinding,0,0,2,0.5744568697867982,0.6935725467593895,0.602535091843671
VIRAT_S_010200_01_000254_000322.mp4,VIRAT,1000,1001,blinding,0,0,6,0.6078630861429969,0.7318469750019846,0.6360277121532584
VIRAT_S_010208_02_000150_000180.mp4,VIRAT,0,1,blinding,0,0,8,0.7120985515482275,0.8427048292304815,0.7288620326953105
VIRAT_S_010208_02_000150_000180.mp4,VIRAT,0,1,blinding,0,0,10,0.67076553328843,0.7823251350235263,0.6917781872615542
VIRAT_S_010208_02_000150_000180.mp4,VIRAT,0,1,blinding,0,0,7,0.6385337584028552,0.7818690471730317,0.6432828318122907
VIRAT_S_010208_02_000150_000180.mp4,VIRAT,0,1,blinding,0,0,2,0.596497245717042,0.6957758272711446,0.6140081317741313
VIRAT_S_010208_02_000150_000180.mp4,VIRAT,0,1,blinding,0,0,6,0.6269619158313509,0.7321372754004267,0.649019889173512
VIRAT_S_010208_02_000150_000180.mp4,VIRAT,500,501,blinding,0,0,8,0.7144958717262574,0.8429069445740127,0.7303347509452971
VIRAT_S_010208_02_000150_000180.mp4,VIRAT,500,501,blinding,0,0,10,0.6733420732482881,0.7833023853296032,0.6931088400281156
VIRAT_S_010208_02_000150_000180.mp4,VIRAT,500,501,blinding,0,0,7,0.6411262300950705,0.7827187270778415,0.6452602512548871
VIRAT_S_010208_02_000150_000180.mp4,VIRAT,500,501,blinding,0,0,2,0.5987885053060299,0.6963467739173218,0.6157681203081158
VIRAT_S_010208_02_000150_000180.mp4,VIRAT,500,501,blinding,0,0,6,0.6292584227881118,0.7324052408075092,0.6505693588400185
VIRAT_S_010203_00_000047_000139.mp4,VIRAT,0,1,blinding,0,0,8,0.6984161398542547,0.8375621061147712,0.7117169508110687
VIRAT_S_010203_00_000047_000139.mp4,VIRAT,0,1,blinding,0,0,10,0.6492640718010184,0.7780151193708772,0.6616087846107671
VIRAT_S_010203_00_000047_000139.mp4,VIRAT,0,1,blinding,0,0,7,0.6179341395284549,0.7769350885101758,0.6115289713600381
VIRAT_S_010203_00_000047_000139.mp4,VIRAT,0,1,blinding,0,0,2,0.5742109609822196,0.6996363960040053,0.5836754837627457
VIRAT_S_010203_00_000047_000139.mp4,VIRAT,0,1,blinding,0,0,6,0.6070797604061711,0.7334717251480382,0.6186763515904038
VIRAT_S_010203_00_000047_000139.mp4,VIRAT,500,501,blinding,0,0,8,0.6935373467202798,0.8263239645479912,0.713577053538577
VIRAT_S_010203_00_000047_000139.mp4,VIRAT,500,501,blinding,0,0,10,0.6471072467874874,0.776441305871347,0.6693937121906691
VIRAT_S_010203_00_000047_000139.mp4,VIRAT,500,501,blinding,0,0,7,0.6170448393165436,0.7750412940717378,0.6216812775349373
VIRAT_S_010203_00_000047_000139.mp4,VIRAT,500,501,blinding,0,0,2,0.5720890616288469,0.6975713382289053,0.591593857110024
VIRAT_S_010203_00_000047_000139.mp4,VIRAT,500,501,blinding,0,0,6,0.6054831884210564,0.7348182940244513,0.6268578812154221
VIRAT_S_010203_00_000047_000139.mp4,VIRAT,1000,1001,blinding,0,0,8,0.698965204973614,0.8365636135046487,0.714340519549023
VIRAT_S_010203_00_000047_000139.mp4,VIRAT,1000,1001,blinding,0,0,10,0.6497374430040264,0.7756328759791015,0.6650560090175203
VIRAT_S_010203_00_000047_000139.mp4,VIRAT,1000,1001,blinding,0,0,7,0.6200852146868748,0.7765207506993123,0.6161018119745856
VIRAT_S_010203_00_000047_000139.mp4,VIRAT,1000,1001,blinding,0,0,2,0.5743081533739386,0.6971356916473431,0.5869777891693658
VIRAT_S_010203_00_000047_000139.mp4,VIRAT,1000,1001,blinding,0,0,6,0.6069920050663322,0.7306150088506332,0.6219721888841332
VIRAT_S_010203_00_000047_000139.mp4,VIRAT,1500,1501,blinding,0,0,8,0.7061066835366705,0.8388561763337268,0.7201561185875489
VIRAT_S_010203_00_000047_000139.mp4,VIRAT,1500,1501,blinding,0,0,10,0.6557982715341261,0.777311129736664,0.6703849017105438
VIRAT_S_010203_00_000047_000139.mp4,VIRAT,1500,1501,blinding,0,0,7,0.6267416339910844,0.7765501748524309,0.6226684156789429
VIRAT_S_010203_00_000047_000139.mp4,VIRAT,1500,1501,blinding,0,0,2,0.5825073617388754,0.6994962893622414,0.5936229654073208
VIRAT_S_010203_00_000047_000139.mp4,VIRAT,1500,1501,blinding,0,0,6,0.6140824668269206,0.7318937213163477,0.6279696503926924
VIRAT_S_010203_00_000047_000139.mp4,VIRAT,2000,2001,blinding,0,0,8,0.7031187491532007,0.8388955729861932,0.7202454056390808
VIRAT_S_010203_00_000047_000139.mp4,VIRAT,2000,2001,blinding,0,0,10,0.6527767891123417,0.7753861755675664,0.6704442955657295
VIRAT_S_010203_00_000047_000139.mp4,VIRAT,2000,2001,blinding,0,0,7,0.622875279001395,0.7752068084917549,0.6220342726152103
VIRAT_S_010203_00_000047_000139.mp4,VIRAT,2000,2001,blinding,0,0,2,0.578574308714843,0.6989379954806731,0.5930483709639657
VIRAT_S_010203_00_000047_000139.mp4,VIRAT,2000,2001,blinding,0,0,6,0.6111855931861997,0.7327498755089259,0.627755800679593
VIRAT_S_010205_04_000545_000576.mp4,VIRAT,0,1,blinding,0,0,8,0.7147360626127571,0.8383547935677291,0.7290245542441403
VIRAT_S_010205_04_000545_000576.mp4,VIRAT,0,1,blinding,0,0,10,0.672293480628213,0.7789249701141252,0.6896247353543031
VIRAT_S_010205_04_000545_000576.mp4,VIRAT,0,1,blinding,0,0,7,0.6436256363219321,0.7804299827821439,0.6429073314172616
VIRAT_S_010205_04_000545_000576.mp4,VIRAT,0,1,blinding,0,0,2,0.6007830771293056,0.6982875274443616,0.6120317755771139
VIRAT_S_010205_04_000545_000576.mp4,VIRAT,0,1,blinding,0,0,6,0.6310720620684419,0.7333309534889145,0.6468461983332912
VIRAT_S_010205_04_000545_000576.mp4,VIRAT,500,501,blinding,0,0,8,0.7096139699847529,0.8366275627933102,0.7289512506396857
VIRAT_S_010205_04_000545_000576.mp4,VIRAT,500,501,blinding,0,0,10,0.6667579118683582,0.7770344116658354,0.6896353294536993
VIRAT_S_010205_04_000545_000576.mp4,VIRAT,500,501,blinding,0,0,7,0.6390010677797356,0.7793352950503903,0.6429725596409207
VIRAT_S_010205_04_000545_000576.mp4,VIRAT,500,501,blinding,0,0,2,0.5966028828304272,0.6957988129892377,0.612059463614559
VIRAT_S_010205_04_000545_000576.mp4,VIRAT,500,501,blinding,0,0,6,0.6264975931461498,0.7317865892232305,0.6468643913984632
VIRAT_S_010204_03_000606_000632.mp4,VIRAT,0,1,blinding,0,0,8,0.6966753108882489,0.8348354655302035,0.7165769289466967
VIRAT_S_010204_03_000606_000632.mp4,VIRAT,0,1,blinding,0,0,10,0.6519867194742605,0.7667960219248587,0.6783615107218415
VIRAT_S_010204_03_000606_000632.mp4,VIRAT,0,1,blinding,0,0,7,0.6236608400371718,0.7720606148992041,0.6293066589065973
VIRAT_S_010204_03_000606_000632.mp4,VIRAT,0,1,blinding,0,0,2,0.5820084964523305,0.6925286472463036,0.5989987744388755
VIRAT_S_010204_03_000606_000632.mp4,VIRAT,0,1,blinding,0,0,6,0.6121477285511987,0.7256305326297968,0.6347176145336497
